label,condition,strong_comp,comp1_feat1,comp1_feat2,comp1_feat3,comp2_feat1,comp2_feat2,comp2_feat3,comp3_feat1,comp3_feat2,comp3_feat3
0,equal,,292,265,268,353,324,328,511,482,485
0,equal,,322,294,287,228,301,442,431,470,441
0,equal,,281,364,421,333,466,447,387,617,650
0,equal,,267,218,283,348,433,359,425,408,383
0,equal,,248,253,238,264,403,459,450,246,432
0,equal,,272,238,223,326,329,355,591,314,417
0,equal,,251,274,313,325,357,405,388,354,576
0,equal,,195,281,175,311,289,525,293,283,484
0,equal,,448,286,281,456,340,398,565,509,504
0,equal,,252,166,315,316,405,247,363,502,417
0,equal,,230,204,296,376,374,432,391,440,212
0,equal,,256,289,194,334,344,348,477,339,579
0,equal,,314,285,237,333,310,368,719,464,411
0,equal,,243,224,308,352,415,240,470,302,471
0,equal,,338,192,272,303,396,412,547,434,548
0,equal,,285,268,308,414,485,498,411,457,503
0,equal,,258,297,205,325,343,311,409,566,419
0,equal,,243,312,218,320,334,411,531,436,416
0,equal,,272,279,355,440,387,486,575,497,573
0,equal,,334,236,209,362,390,276,571,374,380
0,equal,,275,260,224,350,364,210,310,351,466
0,equal,,206,352,208,303,479,394,387,525,457
0,equal,,276,307,248,367,396,331,401,420,510
0,equal,,265,236,294,380,459,346,583,609,457
0,equal,,214,330,217,549,363,324,403,382,564
0,equal,,252,317,277,296,397,413,293,483,465
0,equal,,229,293,345,410,260,351,374,311,616
0,equal,,247,235,359,303,397,320,590,375,325
0,equal,,263,327,255,305,394,335,425,419,340
0,equal,,382,294,331,378,476,337,548,389,483
0,equal,,266,281,251,192,442,247,315,573,399
0,equal,,317,294,326,369,371,237,409,617,452
0,equal,,365,257,270,354,356,407,323,498,452
0,equal,,321,294,295,325,479,338,463,527,424
0,equal,,280,228,275,383,450,384,456,500,493
0,equal,,285,231,188,421,426,323,446,316,324
0,equal,,336,203,307,436,353,438,472,463,428
0,equal,,327,194,304,292,383,363,669,444,625
0,equal,,229,243,205,344,274,340,592,484,355
0,equal,,240,207,215,437,334,269,502,459,491
0,equal,,249,278,264,313,300,242,366,410,453
0,equal,,316,321,193,433,420,440,509,329,488
0,equal,,301,251,351,324,327,412,370,464,450
0,equal,,349,361,333,484,336,350,412,420,523
0,equal,,314,240,270,450,396,260,322,316,507
0,equal,,225,312,281,391,238,286,364,417,387
0,equal,,341,235,301,461,288,439,484,540,593
0,equal,,202,272,217,295,391,331,383,375,478
0,equal,,301,320,321,365,440,397,484,439,459
0,equal,,262,284,347,402,298,339,396,319,528
0,equal,,163,181,249,184,288,340,331,301,387
0,equal,,288,324,376,355,409,332,355,566,461
0,equal,,341,321,326,367,367,307,415,389,397
0,equal,,348,278,314,428,275,327,518,392,417
0,equal,,333,251,389,380,395,382,450,251,513
0,equal,,275,279,256,368,464,332,323,521,445
0,equal,,339,315,224,221,385,404,537,609,443
0,equal,,171,282,305,288,415,362,443,633,464
0,equal,,290,213,356,348,406,425,606,454,516
0,equal,,194,243,261,264,362,238,415,575,375
0,equal,,350,280,247,394,309,309,549,352,378
0,equal,,321,267,260,288,453,187,400,396,444
0,equal,,320,180,313,295,290,466,605,474,613
0,equal,,256,264,245,460,508,254,600,556,453
0,equal,,336,279,282,376,377,429,554,580,477
0,equal,,298,323,330,340,381,359,532,576,423
0,equal,,258,373,194,445,411,451,476,556,476
0,equal,,301,296,187,388,340,356,381,594,432
0,equal,,255,331,261,311,390,409,449,576,482
0,equal,,286,251,380,246,354,260,493,377,449
0,equal,,229,223,263,315,405,444,470,425,446
0,equal,,294,245,275,364,409,420,510,385,439
0,equal,,271,339,215,356,431,423,500,452,457
0,equal,,279,119,302,253,264,306,307,583,449
0,equal,,322,328,271,340,411,524,504,450,449
0,equal,,252,156,315,411,439,345,622,450,587
0,equal,,279,282,199,264,324,361,366,433,566
0,equal,,318,316,351,398,305,277,398,417,424
0,equal,,280,307,245,364,270,402,495,341,585
0,equal,,311,315,242,391,437,353,359,565,440
0,equal,,224,343,269,423,309,244,505,538,385
0,equal,,244,261,273,257,376,309,343,452,435
0,equal,,355,163,326,449,306,475,480,537,416
0,equal,,271,214,271,360,352,413,598,413,428
0,equal,,223,309,283,273,321,466,357,355,508
0,equal,,247,302,290,364,392,280,351,494,405
0,equal,,257,234,326,320,435,375,339,626,513
0,equal,,369,207,230,262,269,211,460,341,451
0,equal,,252,388,250,314,284,410,431,485,427
0,equal,,271,241,272,212,400,141,377,404,381
0,equal,,269,246,211,258,272,371,492,398,624
0,equal,,330,268,249,258,364,305,467,482,464
0,equal,,185,303,232,298,372,406,509,334,642
0,equal,,294,380,282,347,449,347,563,421,481
0,equal,,312,252,308,347,366,377,336,615,423
0,equal,,280,226,308,341,311,311,369,526,459
0,equal,,299,254,291,445,300,311,333,503,590
0,equal,,325,198,347,417,384,447,371,473,473
0,equal,,166,338,304,285,400,388,351,319,473
0,equal,,255,203,361,359,390,346,487,606,497
0,equal,,241,275,331,311,365,357,403,486,383
0,equal,,233,261,333,428,342,355,404,358,531
0,equal,,251,269,260,281,383,219,410,550,282
0,equal,,214,313,305,337,370,371,417,331,429
0,equal,,293,256,253,517,281,316,529,303,546
0,equal,,292,178,252,274,362,350,209,420,622
0,equal,,219,244,314,266,308,339,546,636,580
0,equal,,235,241,327,423,568,151,558,495,412
0,equal,,252,274,342,363,314,329,488,351,630
0,equal,,163,285,351,531,385,398,413,430,519
0,equal,,400,358,255,274,402,295,490,487,475
0,equal,,214,317,374,245,378,431,283,462,575
0,equal,,270,208,308,424,333,411,475,394,337
0,equal,,350,332,280,453,373,422,535,430,411
0,equal,,332,326,297,375,405,390,634,368,594
0,equal,,266,283,267,424,430,255,523,354,352
0,equal,,273,328,215,324,325,343,510,387,396
0,equal,,193,278,272,325,407,402,418,606,386
0,equal,,265,289,271,386,376,367,411,488,424
0,equal,,293,294,280,352,397,442,357,402,563
0,equal,,263,264,352,334,308,417,404,349,492
0,equal,,225,266,246,339,336,307,259,411,415
0,equal,,251,243,346,340,302,429,570,323,555
0,equal,,297,392,271,338,343,479,480,413,540
0,equal,,277,427,335,434,369,291,456,837,403
0,equal,,246,269,162,310,197,407,435,552,430
0,equal,,339,289,300,365,434,340,600,586,506
0,equal,,327,214,250,359,302,411,550,549,369
0,equal,,284,244,327,316,320,340,571,378,475
0,equal,,300,305,256,329,384,406,377,516,461
0,equal,,253,314,257,173,373,321,294,509,395
0,equal,,239,272,212,312,191,304,492,453,369
0,equal,,310,181,268,466,461,406,503,375,498
0,equal,,285,304,283,395,481,310,414,547,405
0,equal,,332,290,229,352,390,428,546,545,544
0,equal,,183,279,199,272,364,323,417,562,370
0,equal,,304,348,248,417,362,370,512,511,432
0,equal,,209,299,214,362,427,338,599,485,462
0,equal,,335,229,149,378,325,272,479,394,387
0,equal,,237,264,211,453,262,411,360,509,463
0,equal,,348,305,189,411,474,254,467,412,425
0,equal,,303,196,314,368,328,286,442,439,394
0,equal,,305,280,257,262,394,271,330,341,291
0,equal,,250,238,222,321,450,346,565,392,436
0,equal,,271,241,294,281,409,229,382,283,369
0,equal,,276,249,268,376,254,303,436,370,375
0,equal,,281,254,295,354,393,342,535,475,334
0,equal,,239,317,163,257,354,154,582,522,279
0,equal,,142,334,328,289,389,349,514,460,397
0,equal,,253,304,280,355,376,301,552,280,435
0,equal,,271,280,329,249,362,554,474,354,495
0,equal,,261,207,258,310,423,388,474,422,454
0,equal,,299,334,247,362,392,394,468,438,493
0,equal,,174,219,290,160,241,332,566,616,501
0,equal,,287,284,268,296,354,320,537,447,483
0,equal,,202,280,294,326,286,344,565,386,507
0,equal,,223,289,287,427,416,388,634,462,391
0,equal,,190,237,225,277,404,417,499,409,421
0,equal,,239,236,273,305,256,432,458,376,375
0,equal,,252,246,380,372,323,367,236,464,356
0,equal,,263,321,216,387,428,376,486,525,461
0,equal,,277,348,298,325,393,352,584,625,409
0,equal,,196,312,268,321,430,394,382,526,498
0,equal,,178,228,294,376,352,404,381,384,487
0,equal,,287,321,262,294,394,200,445,454,439
0,equal,,149,325,265,355,363,289,386,486,450
0,equal,,270,261,302,287,462,275,464,547,431
0,equal,,292,281,225,399,338,414,535,460,409
0,equal,,241,288,273,394,285,359,502,335,541
0,equal,,342,227,302,523,378,301,503,374,253
0,equal,,315,297,228,296,297,436,377,435,390
0,equal,,156,268,302,305,367,506,399,443,496
0,equal,,217,252,403,362,262,378,378,518,411
0,equal,,234,231,318,319,199,343,303,428,426
0,equal,,284,318,176,333,569,135,530,466,351
0,equal,,307,285,346,406,281,346,551,617,461
0,equal,,307,405,266,364,434,319,470,505,435
0,equal,,436,251,316,443,368,273,421,435,518
0,equal,,317,228,299,307,330,411,442,447,484
0,equal,,271,324,244,396,469,406,408,519,287
0,equal,,273,267,256,335,324,536,480,420,514
0,equal,,225,291,296,407,411,484,600,398,576
0,equal,,311,331,225,230,336,295,513,584,624
0,equal,,312,276,307,397,349,343,499,333,378
0,equal,,260,394,272,285,333,299,591,437,549
0,equal,,293,329,298,304,352,396,431,410,478
0,equal,,163,235,216,310,359,375,352,430,447
0,equal,,336,267,222,395,384,411,458,367,485
0,equal,,251,327,279,453,422,384,474,540,369
0,equal,,319,306,315,378,436,500,634,472,548
0,equal,,300,234,250,380,407,312,467,462,531
0,equal,,263,299,309,391,374,308,495,531,454
0,equal,,277,199,319,288,363,317,681,517,494
0,equal,,274,334,178,362,351,403,587,537,459
0,equal,,230,288,231,343,323,432,590,471,570
0,equal,,281,398,416,315,408,284,497,423,441
0,equal,,358,236,235,417,325,398,454,542,607
0,equal,,239,338,358,234,278,482,576,455,524
0,equal,,263,121,286,339,150,476,167,473,479
0,equal,,306,240,286,418,408,479,330,353,518
0,equal,,229,202,301,309,308,376,320,366,555
0,equal,,293,329,310,413,266,193,532,544,435
0,equal,,330,286,360,313,383,495,374,475,591
0,equal,,324,378,312,369,338,272,548,457,543
0,equal,,330,275,324,321,410,335,454,509,494
0,equal,,220,280,318,330,263,379,433,345,408
0,equal,,301,309,333,347,332,332,495,420,373
0,equal,,310,270,339,373,370,454,536,419,568
0,equal,,282,199,287,414,330,341,595,638,554
0,equal,,297,250,303,347,414,330,384,476,287
0,equal,,271,281,375,394,302,342,399,544,402
0,equal,,298,373,272,350,450,393,605,537,425
0,equal,,277,248,270,338,324,453,358,439,528
0,equal,,347,186,353,381,300,444,493,327,568
0,equal,,309,257,249,412,386,413,448,475,479
0,equal,,288,322,203,294,417,343,394,370,317
0,equal,,365,258,394,367,325,414,495,500,456
0,equal,,247,207,199,417,413,407,378,383,587
0,equal,,308,251,317,434,385,270,432,373,445
0,equal,,364,259,309,405,365,313,464,356,509
0,equal,,243,277,316,423,375,341,556,545,529
0,equal,,257,317,283,195,413,395,317,322,377
0,equal,,175,368,261,319,351,362,531,539,632
0,equal,,239,396,396,358,319,354,366,525,395
0,equal,,339,276,282,427,364,391,528,580,337
0,equal,,308,280,267,354,285,324,490,419,405
0,equal,,259,127,224,331,365,276,495,541,702
0,equal,,253,322,285,461,349,424,508,490,485
0,equal,,312,315,241,563,349,353,361,446,488
0,equal,,300,276,221,465,435,360,533,351,340
0,equal,,292,283,296,399,336,449,383,326,298
0,equal,,307,279,244,352,478,294,427,434,447
0,equal,,178,266,228,359,289,347,646,530,537
0,equal,,232,254,153,338,309,418,515,493,543
0,equal,,320,288,181,397,399,361,540,335,494
0,equal,,259,290,267,322,408,470,429,447,448
0,equal,,298,280,226,394,390,285,436,289,419
0,equal,,275,225,267,256,298,372,464,506,453
0,equal,,268,303,290,393,344,487,389,353,542
0,equal,,270,178,325,367,334,385,354,505,435
0,equal,,304,254,349,368,263,426,703,528,489
0,equal,,300,265,317,283,337,357,481,450,512
0,equal,,157,219,270,313,343,275,520,349,418
0,equal,,166,245,276,437,161,405,304,517,570
0,equal,,267,294,318,470,388,434,478,399,368
0,equal,,274,304,246,388,466,362,497,454,367
0,equal,,269,202,225,410,197,320,544,452,548
0,equal,,317,270,257,361,411,332,389,440,493
0,equal,,181,318,307,406,304,398,643,567,434
0,equal,,281,346,354,482,350,398,445,507,351
0,equal,,236,229,230,281,234,296,327,401,428
0,equal,,286,179,210,441,278,200,537,282,445
0,equal,,329,279,224,394,428,403,354,398,437
0,equal,,299,234,253,411,388,374,405,392,584
0,equal,,377,204,370,482,305,291,387,563,479
0,equal,,280,272,332,321,348,359,439,439,570
0,equal,,282,293,382,544,380,385,474,500,435
0,equal,,293,267,213,477,330,417,473,417,439
0,equal,,234,318,461,324,417,333,532,521,589
0,equal,,324,311,269,304,275,402,359,382,414
0,equal,,318,279,273,341,363,316,367,555,414
0,equal,,287,274,266,412,326,387,449,405,492
0,equal,,291,317,287,379,427,343,360,354,560
0,equal,,222,290,297,326,374,363,455,556,528
0,equal,,275,322,257,313,338,382,484,400,531
0,equal,,228,261,268,379,420,397,443,384,364
0,equal,,297,276,239,403,340,325,423,381,381
0,equal,,295,303,291,371,359,343,593,393,507
0,equal,,322,300,223,292,391,287,357,530,341
0,equal,,275,199,306,432,306,394,397,367,452
0,equal,,315,288,330,386,357,324,583,314,502
0,equal,,243,266,224,323,293,408,520,451,441
0,equal,,271,253,366,481,480,451,581,493,488
0,equal,,262,276,276,375,308,419,557,475,441
0,equal,,306,375,270,387,285,491,483,441,381
0,equal,,327,255,284,468,300,231,597,370,432
0,equal,,257,161,261,292,383,309,441,313,344
0,equal,,265,192,346,400,281,355,538,475,510
0,equal,,164,327,274,349,283,378,575,409,406
0,equal,,339,183,260,403,372,448,435,460,533
0,equal,,247,230,301,319,405,335,320,521,385
0,equal,,315,316,253,425,553,336,336,505,342
0,equal,,170,327,290,369,384,352,475,386,500
0,equal,,296,348,319,295,318,352,370,428,482
0,equal,,283,255,289,274,338,319,461,401,455
0,equal,,244,271,280,307,290,270,389,463,397
0,equal,,214,274,294,321,366,241,483,485,236
0,equal,,225,273,305,437,294,366,511,574,511
0,equal,,312,356,218,427,386,267,385,412,355
0,equal,,282,285,318,330,417,253,472,455,515
0,equal,,359,267,276,460,364,367,673,585,507
0,equal,,354,251,233,352,344,336,533,359,460
0,equal,,278,368,272,428,453,368,459,513,447
0,equal,,177,201,197,304,428,371,308,372,603
0,equal,,346,302,248,298,308,309,291,567,403
0,equal,,139,248,342,245,271,343,360,407,505
0,equal,,308,369,256,343,504,268,395,497,412
0,equal,,247,248,374,300,387,386,412,219,498
0,equal,,283,226,249,462,345,413,456,460,405
0,equal,,300,306,292,390,259,315,355,463,412
0,equal,,123,283,398,236,340,409,431,602,428
0,equal,,340,259,256,305,354,284,363,394,566
0,equal,,309,165,314,398,456,251,405,241,526
0,equal,,258,277,319,284,274,227,461,360,364
0,equal,,289,311,305,244,358,403,411,547,480
0,equal,,316,307,230,419,461,379,431,468,560
0,equal,,231,304,186,187,395,308,553,445,406
0,equal,,301,306,185,473,355,392,364,345,462
0,equal,,295,238,204,344,299,369,684,335,442
0,equal,,280,182,272,510,365,426,518,371,553
0,equal,,319,244,289,389,479,355,349,395,451
0,equal,,236,233,298,351,299,306,549,436,424
0,equal,,225,246,293,265,413,319,431,568,494
0,equal,,238,236,359,364,320,402,420,506,548
0,equal,,294,291,296,383,373,327,459,464,411
0,equal,,260,336,246,422,373,335,485,525,356
0,equal,,262,220,257,420,322,350,710,397,530
0,equal,,297,334,197,563,425,351,598,436,343
0,equal,,223,224,243,284,351,385,544,486,590
0,equal,,403,254,236,324,406,529,475,386,525
0,equal,,361,319,231,335,313,421,494,338,553
0,equal,,233,180,298,382,283,475,644,356,348
0,equal,,292,325,301,379,230,357,497,468,514
0,equal,,283,373,289,334,448,432,434,472,449
0,equal,,242,242,313,395,422,469,423,640,605
0,equal,,198,314,287,325,433,315,458,544,312
0,equal,,341,232,157,433,281,399,395,591,644
0,equal,,332,338,257,296,362,477,320,485,615
0,equal,,173,277,276,308,483,277,414,431,594
0,equal,,258,306,275,252,340,265,376,465,436
0,equal,,245,355,303,359,512,254,498,408,345
0,equal,,382,333,271,466,280,391,437,423,513
0,equal,,167,252,360,288,447,356,368,423,479
0,equal,,279,252,235,313,360,321,440,321,589
0,equal,,222,230,309,352,314,453,464,358,539
0,equal,,240,368,285,325,336,360,459,548,443
0,equal,,271,369,195,396,387,422,350,418,513
0,equal,,316,278,290,357,418,382,430,388,515
0,equal,,259,234,245,342,367,297,451,305,302
0,equal,,304,188,301,234,243,417,420,430,455
0,equal,,417,296,253,242,428,370,439,324,513
0,equal,,334,244,332,446,403,402,478,515,549
0,equal,,312,350,215,362,432,320,390,542,515
0,equal,,303,341,369,353,428,266,378,537,382
0,equal,,344,329,318,411,289,435,500,358,441
0,equal,,251,383,296,243,474,417,410,566,618
0,equal,,285,284,225,380,324,357,502,621,455
0,equal,,279,261,214,382,369,295,483,345,327
0,equal,,275,249,297,445,224,283,670,463,547
0,equal,,290,303,201,391,270,418,409,400,425
0,equal,,216,318,335,239,490,324,497,419,398
0,equal,,287,234,196,508,306,399,557,393,495
0,equal,,333,342,244,479,475,348,632,379,401
0,equal,,227,336,319,444,374,375,310,474,514
0,equal,,269,308,326,538,444,388,539,506,422
0,equal,,194,343,200,315,462,350,379,501,450
0,equal,,320,275,350,430,387,416,545,545,577
0,equal,,273,296,258,299,261,466,534,560,439
0,equal,,216,264,343,311,309,352,554,469,414
0,equal,,255,313,269,449,287,255,499,400,509
0,equal,,255,316,246,339,191,341,407,474,470
0,equal,,214,239,245,394,236,290,460,326,393
0,equal,,271,175,206,386,205,269,316,390,301
0,equal,,284,294,367,420,369,406,332,586,521
0,equal,,235,320,288,320,393,357,400,320,542
0,equal,,290,242,277,366,322,430,456,391,278
0,equal,,172,250,226,275,388,306,251,550,466
0,equal,,404,249,219,414,273,496,540,497,466
0,equal,,196,323,368,287,388,337,471,493,288
0,equal,,266,222,287,273,318,381,636,558,398
0,equal,,332,304,278,347,348,316,336,480,551
0,equal,,282,331,289,314,466,492,460,533,508
0,equal,,255,272,240,456,344,381,437,462,423
0,equal,,257,277,250,327,434,312,382,507,427
0,equal,,316,291,229,368,460,389,465,353,393
0,equal,,289,302,250,579,456,197,458,432,482
0,equal,,239,238,263,284,472,262,437,517,432
0,equal,,288,271,281,460,430,378,501,435,363
0,equal,,329,150,244,348,334,347,617,359,482
0,equal,,238,205,265,280,538,400,334,494,373
0,equal,,244,346,139,545,324,427,458,589,323
0,equal,,281,253,260,276,433,505,539,386,559
0,equal,,283,252,229,443,282,432,378,534,478
0,equal,,129,299,231,366,381,261,293,463,411
0,equal,,305,312,242,398,298,385,399,221,373
0,equal,,280,355,264,340,356,330,405,442,304
0,equal,,298,268,329,316,336,431,317,651,547
0,equal,,256,336,168,270,339,376,537,541,525
0,equal,,212,342,302,383,504,320,484,398,392
0,equal,,339,439,258,379,372,338,424,748,561
0,equal,,232,352,305,431,397,325,473,484,424
0,equal,,259,310,329,252,410,366,435,525,561
0,equal,,312,228,280,369,384,368,448,524,608
0,equal,,232,275,328,206,256,496,232,307,464
0,equal,,184,304,309,371,447,372,445,466,305
0,equal,,262,230,404,348,319,475,572,454,505
0,equal,,335,332,311,285,301,331,394,552,336
0,equal,,361,161,278,335,442,246,425,304,349
0,equal,,227,348,355,393,400,355,337,496,673
0,equal,,332,324,304,240,533,369,485,596,442
0,equal,,339,291,316,391,403,424,513,480,453
0,equal,,284,252,218,419,399,357,409,466,385
0,equal,,324,299,300,358,314,297,526,470,470
0,equal,,290,402,317,402,378,347,499,463,503
0,equal,,259,212,308,167,377,460,440,524,401
0,equal,,254,294,351,404,334,305,425,534,410
0,equal,,248,271,206,338,280,452,435,295,359
0,equal,,281,292,213,437,311,353,514,415,452
0,equal,,192,318,253,362,335,451,472,471,468
0,equal,,434,355,192,457,399,377,568,333,349
0,equal,,342,281,302,387,379,427,403,404,381
0,equal,,288,304,337,454,490,432,373,679,683
0,equal,,199,226,307,271,359,294,427,543,556
0,equal,,296,157,343,234,391,375,470,351,435
0,equal,,359,307,285,342,396,241,416,576,359
0,equal,,280,273,347,351,341,394,425,431,570
0,equal,,356,233,357,411,285,301,462,301,517
0,equal,,315,343,338,277,247,358,417,503,509
0,equal,,115,246,228,316,260,390,486,505,300
0,equal,,273,238,322,344,358,303,281,383,471
0,equal,,331,226,268,465,315,357,475,536,459
0,equal,,378,253,283,302,307,349,549,388,409
0,equal,,216,281,309,396,355,421,580,586,332
0,equal,,375,235,238,433,340,352,460,371,426
0,equal,,280,346,235,357,460,241,554,415,288
0,equal,,195,334,330,383,379,346,252,515,428
0,equal,,236,204,206,414,356,437,491,540,269
0,equal,,258,340,224,380,524,349,370,526,427
0,equal,,313,185,276,364,404,320,309,467,354
0,equal,,272,317,242,413,408,321,615,385,275
0,equal,,283,314,219,382,457,280,386,600,582
0,equal,,278,304,250,463,282,419,449,330,387
0,equal,,220,207,313,354,211,230,507,339,458
0,equal,,315,198,181,374,273,262,473,396,474
0,equal,,263,366,296,346,275,371,448,592,429
0,equal,,240,232,314,341,291,299,460,404,275
0,equal,,261,237,278,340,400,522,444,594,589
0,equal,,242,279,342,264,460,299,479,399,424
0,equal,,284,278,184,337,257,314,410,406,460
0,equal,,272,248,269,387,340,330,368,412,535
0,equal,,241,291,401,367,493,408,405,486,666
0,equal,,326,249,232,388,224,329,516,458,550
0,equal,,290,312,263,316,461,348,578,475,362
0,equal,,261,289,272,290,399,445,531,489,600
0,equal,,279,218,259,178,316,439,551,580,591
0,equal,,388,295,352,344,470,226,417,439,377
0,equal,,207,263,172,457,391,373,395,466,427
0,equal,,235,325,271,238,430,393,509,293,367
0,equal,,183,245,262,280,351,327,370,408,448
0,equal,,189,291,287,318,347,284,546,734,366
0,equal,,231,214,377,261,371,387,395,432,469
0,equal,,357,257,289,366,317,413,587,501,556
0,equal,,210,262,280,322,358,266,291,476,521
0,equal,,375,221,209,438,240,354,501,342,327
0,equal,,263,211,279,277,335,329,595,482,385
0,equal,,302,356,290,337,399,398,456,427,374
0,equal,,278,396,331,432,273,392,430,401,610
0,equal,,226,237,236,318,270,453,452,522,555
0,equal,,315,216,285,453,303,385,431,448,536
0,equal,,291,166,275,333,274,332,491,355,459
0,equal,,304,317,271,403,288,451,403,450,669
0,equal,,289,264,360,429,335,395,434,443,458
0,equal,,233,366,189,357,447,376,593,447,369
0,equal,,377,345,274,469,435,404,475,543,476
0,equal,,281,326,286,299,357,304,487,447,583
0,equal,,269,298,240,505,523,379,438,578,501
0,equal,,225,202,211,330,368,261,411,257,270
0,equal,,290,287,253,266,343,505,602,540,447
0,equal,,242,360,275,337,349,340,508,493,394
0,equal,,293,434,335,340,403,339,504,421,490
0,equal,,354,257,320,493,310,506,381,414,553
0,equal,,255,323,294,356,314,436,549,426,299
0,equal,,221,294,331,369,356,476,502,485,396
0,equal,,235,320,237,451,281,132,522,468,415
0,equal,,181,275,363,425,295,381,515,263,486
0,equal,,249,237,223,528,336,463,224,428,412
0,equal,,273,254,336,359,269,233,376,469,347
0,equal,,277,270,271,321,362,334,379,424,328
0,equal,,219,241,313,281,309,424,541,281,482
0,equal,,256,294,319,316,360,345,475,456,411
0,equal,,144,262,255,341,376,395,409,524,379
0,equal,,287,205,300,270,295,378,436,450,514
0,equal,,246,303,240,378,366,371,465,277,465
0,equal,,210,224,246,368,278,401,564,528,375
0,equal,,227,322,227,267,264,439,433,502,400
0,equal,,310,233,353,328,310,397,497,405,454
0,equal,,238,263,289,481,315,306,550,384,443
0,equal,,396,99,297,376,230,399,468,460,467
0,equal,,310,185,348,307,330,378,353,520,523
0,equal,,331,255,329,349,332,306,373,664,499
0,equal,,249,263,365,303,300,361,471,515,345
0,equal,,230,226,238,381,284,461,456,333,432
0,equal,,324,354,231,305,403,284,523,435,481
0,equal,,245,243,280,297,249,305,563,429,469
0,equal,,248,274,266,286,408,301,484,437,461
0,equal,,311,246,357,307,330,363,621,427,431
0,equal,,285,243,377,302,328,324,544,376,456
0,equal,,234,278,209,344,292,363,388,424,482
0,equal,,248,281,297,387,387,338,396,633,483
0,equal,,341,360,209,429,289,286,328,462,333
0,equal,,306,221,234,322,393,428,216,462,557
0,equal,,318,217,260,310,339,268,501,435,556
0,equal,,235,318,318,401,363,380,505,478,552
0,equal,,277,357,266,381,430,458,492,421,401
0,equal,,298,303,318,491,268,439,485,573,343
0,equal,,220,197,364,377,495,260,508,534,461
0,equal,,294,311,306,432,540,501,518,314,593
0,equal,,245,261,301,281,402,331,437,463,345
0,equal,,296,339,265,322,311,392,351,508,429
0,equal,,172,193,316,434,405,268,501,288,559
0,equal,,231,245,334,314,358,430,439,355,335
0,equal,,317,291,281,443,284,257,433,241,177
0,equal,,250,252,247,422,232,294,554,347,429
0,equal,,255,212,323,362,297,433,527,391,528
0,equal,,277,324,317,426,302,315,479,382,346
0,equal,,306,292,219,415,398,413,389,488,309
0,equal,,319,285,205,358,274,444,319,446,532
0,equal,,281,330,354,348,328,348,477,494,611
0,equal,,213,229,242,310,316,212,508,533,303
0,equal,,169,195,237,350,325,452,580,475,420
0,equal,,341,220,185,436,281,370,513,369,571
0,equal,,253,402,344,231,269,401,332,538,480
0,equal,,229,315,304,450,387,276,563,494,304
0,equal,,219,226,251,271,302,349,332,368,428
0,equal,,351,366,294,298,406,414,446,560,615
0,equal,,380,351,330,366,381,332,548,643,548
0,equal,,332,313,260,375,234,400,523,494,487
0,equal,,378,298,342,463,318,408,492,491,483
0,equal,,263,280,158,338,270,250,561,409,536
0,equal,,269,305,330,308,283,304,482,373,446
0,equal,,212,293,330,492,350,402,526,541,392
0,equal,,295,317,351,306,407,355,584,429,378
0,equal,,271,280,296,455,383,267,434,560,429
0,equal,,373,309,246,383,349,425,371,346,515
0,equal,,270,237,251,329,396,332,470,483,490
0,equal,,323,257,304,457,300,294,367,326,488
0,equal,,289,158,218,309,378,342,462,359,598
0,equal,,317,274,237,387,284,297,406,449,423
0,equal,,282,197,183,379,251,366,428,366,494
0,equal,,306,207,232,537,355,265,677,374,462
0,equal,,241,312,216,406,323,261,660,592,416
0,equal,,245,238,238,323,410,264,589,545,474
0,equal,,177,258,323,277,348,387,340,617,570
0,equal,,222,295,289,297,368,507,373,364,398
0,equal,,276,242,254,360,338,281,506,512,397
0,equal,,258,255,260,450,316,415,535,386,390
0,equal,,220,192,287,243,320,376,402,393,460
0,equal,,335,315,301,323,427,435,626,426,497
0,equal,,274,279,330,280,353,454,297,334,325
0,equal,,319,201,325,328,408,382,533,477,346
0,equal,,290,325,203,476,377,346,490,438,272
0,equal,,257,318,220,435,386,238,223,548,350
0,equal,,303,234,300,416,326,209,393,421,335
0,equal,,251,340,304,441,292,307,494,444,558
0,equal,,272,341,341,365,274,322,437,526,494
0,equal,,333,348,297,529,451,505,518,671,568
0,equal,,184,292,339,473,406,420,496,393,460
0,equal,,341,231,263,310,305,425,589,311,531
0,equal,,249,269,210,231,378,495,391,442,442
0,equal,,287,159,216,443,378,219,558,428,366
0,equal,,246,266,215,219,341,311,400,451,403
0,equal,,325,226,372,360,224,339,463,336,498
0,equal,,306,305,268,296,380,341,454,408,466
0,equal,,246,343,235,314,441,395,391,609,444
0,equal,,247,201,264,286,390,299,498,418,509
0,equal,,215,255,231,408,324,404,437,367,295
0,equal,,278,319,360,358,289,364,520,401,553
0,equal,,398,231,248,399,341,478,337,567,321
0,equal,,252,205,242,339,322,320,417,477,444
0,equal,,268,260,244,432,276,352,507,389,413
0,equal,,273,224,246,334,373,258,382,356,437
0,equal,,283,125,241,445,319,444,576,458,488
0,equal,,287,268,339,333,342,368,455,495,383
0,equal,,300,304,274,366,384,411,416,513,353
0,equal,,238,238,270,296,310,396,492,424,441
0,equal,,324,368,246,271,402,331,382,467,471
0,equal,,258,265,155,269,363,139,319,437,371
0,equal,,269,283,306,247,389,468,249,511,508
0,equal,,205,255,285,257,359,220,467,575,483
0,equal,,256,247,226,379,495,319,421,497,478
0,equal,,300,255,172,377,303,237,515,546,386
0,equal,,314,167,327,421,277,250,526,482,605
0,equal,,207,330,373,301,271,433,381,474,395
0,equal,,289,264,209,169,323,334,392,392,390
0,equal,,269,229,319,342,314,419,430,462,335
0,equal,,333,322,274,461,356,357,564,471,484
0,equal,,303,186,321,371,253,364,380,445,384
0,equal,,158,328,307,277,351,311,411,452,416
0,equal,,353,222,206,296,351,369,517,384,422
0,equal,,329,298,248,376,378,292,404,564,428
0,equal,,74,220,311,286,470,428,403,368,480
0,equal,,294,352,304,314,372,411,424,397,434
0,equal,,343,186,332,393,349,278,430,340,352
0,equal,,247,259,241,431,234,327,452,379,533
0,equal,,253,303,357,293,308,266,438,342,507
0,equal,,121,161,250,320,313,374,524,305,497
0,equal,,209,327,251,333,265,303,423,538,459
0,equal,,326,288,262,405,301,337,447,443,400
0,equal,,209,232,272,361,263,380,381,471,438
0,equal,,255,295,257,371,395,352,426,382,449
0,equal,,240,265,325,304,415,394,397,416,477
0,equal,,336,203,230,376,375,404,415,375,485
0,equal,,249,226,271,304,372,276,378,386,474
0,equal,,253,256,221,270,315,292,531,532,557
0,equal,,217,288,384,292,423,291,366,454,540
0,equal,,233,317,314,269,407,461,603,401,369
0,equal,,216,227,314,352,372,301,460,522,658
0,equal,,237,242,167,435,353,172,432,326,365
0,equal,,334,148,308,297,403,501,434,557,653
0,equal,,301,286,275,419,370,371,482,593,486
0,equal,,293,188,251,399,316,387,530,494,524
0,equal,,341,249,349,391,262,357,446,459,495
0,equal,,317,295,187,417,347,398,420,473,559
0,equal,,260,342,248,334,302,382,489,446,367
0,equal,,281,249,365,408,260,302,494,472,577
0,equal,,313,210,209,445,390,387,545,194,355
0,equal,,308,268,347,444,340,429,409,520,563
0,equal,,309,257,335,368,431,287,610,475,561
0,equal,,219,323,268,347,317,325,420,371,366
0,equal,,339,326,323,510,447,392,503,447,432
0,equal,,353,244,245,326,474,303,426,492,309
0,equal,,260,255,260,400,304,438,303,362,459
0,equal,,223,272,239,347,219,426,394,451,644
0,equal,,232,308,185,451,424,335,303,482,477
0,equal,,265,179,259,305,363,290,477,406,528
0,equal,,319,273,224,318,377,332,469,394,434
0,equal,,246,337,313,352,406,310,245,401,502
0,equal,,348,273,203,382,409,437,454,304,498
0,equal,,206,280,361,313,396,345,449,481,528
0,equal,,230,283,286,361,422,367,517,353,466
0,equal,,291,370,220,351,444,363,470,514,434
0,equal,,234,247,218,268,309,301,355,375,465
0,equal,,246,206,249,390,310,390,554,585,584
0,equal,,357,245,282,223,382,323,345,557,324
0,equal,,236,261,254,362,509,376,571,465,429
0,equal,,323,285,283,417,458,350,548,494,340
0,equal,,230,253,248,401,351,335,336,440,514
0,equal,,298,293,291,490,515,361,391,441,487
0,equal,,287,331,322,278,466,443,405,545,604
0,equal,,346,317,291,249,336,404,423,491,560
0,equal,,337,239,341,435,338,302,454,415,393
0,equal,,224,282,272,310,391,351,538,470,387
0,equal,,255,341,337,426,383,432,543,396,401
0,equal,,358,316,172,378,368,374,559,406,560
0,equal,,312,251,246,396,315,360,488,351,561
0,equal,,347,260,225,248,259,330,427,511,349
0,equal,,283,264,357,417,327,297,448,441,387
0,equal,,241,228,294,343,233,186,418,442,438
0,equal,,286,245,349,373,304,407,319,416,615
0,equal,,466,288,238,341,419,386,437,543,420
0,equal,,258,322,373,376,443,477,440,475,523
0,equal,,294,274,337,354,298,301,372,548,495
0,equal,,189,286,178,351,365,334,429,580,504
0,equal,,328,328,305,382,273,375,494,401,499
0,equal,,311,298,184,295,280,353,424,394,297
0,equal,,308,314,312,356,358,421,400,503,493
0,equal,,365,251,298,407,430,372,447,460,476
0,equal,,330,217,331,466,390,423,504,429,460
0,equal,,257,200,254,483,360,284,376,494,372
0,equal,,256,291,280,437,276,323,458,466,410
0,equal,,308,372,301,335,418,366,556,467,532
0,equal,,186,311,329,331,481,356,471,409,411
0,equal,,213,292,341,424,351,472,497,489,397
0,equal,,320,256,400,356,291,380,472,431,400
0,equal,,254,379,314,310,330,372,519,583,403
0,equal,,332,199,266,357,248,293,329,405,393
0,equal,,225,297,224,411,263,417,430,444,477
0,equal,,187,285,253,229,350,371,489,472,377
0,equal,,212,314,240,424,501,466,489,430,391
0,equal,,264,332,285,321,259,376,393,423,621
0,equal,,289,194,186,300,293,477,488,397,458
0,equal,,334,297,274,358,366,456,590,409,474
0,equal,,249,151,264,321,207,533,540,365,426
0,equal,,270,294,361,433,408,481,512,547,592
0,equal,,344,214,307,371,387,365,422,436,478
0,equal,,233,217,342,458,268,398,512,498,492
0,equal,,151,274,307,412,378,255,382,493,247
0,equal,,323,262,241,496,358,331,514,617,446
0,equal,,207,397,315,314,339,418,315,328,434
0,equal,,276,355,195,357,423,386,361,398,452
0,equal,,263,263,354,342,567,401,466,425,429
0,equal,,205,248,266,130,180,397,357,471,502
0,equal,,254,265,244,309,320,344,381,595,418
0,equal,,234,348,339,273,475,306,435,539,515
0,equal,,238,256,238,432,446,364,432,488,345
0,equal,,318,162,271,365,326,300,377,400,397
0,equal,,238,321,266,345,231,306,610,344,383
0,equal,,304,180,267,425,356,407,369,348,587
0,equal,,230,237,265,406,320,415,458,470,422
0,equal,,89,332,343,338,322,336,395,567,578
0,equal,,352,310,203,428,358,406,455,392,279
0,equal,,297,292,263,371,310,360,496,457,405
0,equal,,316,288,262,475,317,270,413,425,317
0,equal,,282,245,312,356,433,261,459,492,296
0,equal,,306,321,360,393,279,400,618,412,451
0,equal,,304,216,206,365,280,402,471,317,511
0,equal,,261,229,283,387,348,352,455,442,428
0,equal,,267,279,262,364,258,359,327,686,461
0,equal,,274,267,346,478,350,322,518,381,353
0,equal,,283,172,272,432,248,480,454,403,398
0,equal,,227,277,217,271,390,318,494,286,641
0,equal,,317,312,246,341,404,339,413,497,453
0,equal,,277,320,254,286,320,342,359,346,467
0,equal,,372,274,308,335,294,412,550,355,572
0,equal,,267,216,209,347,279,322,561,314,409
0,equal,,221,281,254,318,420,398,491,530,412
0,equal,,235,304,229,365,372,324,535,487,365
0,equal,,264,267,319,327,370,351,366,358,566
0,equal,,359,321,268,354,287,353,544,505,423
0,equal,,271,250,308,320,362,441,316,400,704
0,equal,,245,284,236,205,398,340,424,563,573
0,equal,,281,304,306,302,381,296,502,473,372
0,equal,,250,412,321,379,285,191,508,370,482
0,equal,,295,291,271,195,369,412,396,464,394
0,equal,,313,295,264,287,228,294,457,525,403
0,equal,,235,369,268,346,436,248,242,625,353
0,equal,,222,360,216,342,312,315,290,661,539
0,equal,,250,308,286,428,351,421,548,486,442
0,equal,,276,389,222,383,418,420,463,474,405
0,equal,,275,207,370,364,363,255,501,461,555
0,equal,,353,287,252,289,211,313,343,448,431
0,equal,,291,275,382,238,314,256,425,279,430
0,equal,,259,313,348,281,362,228,425,419,476
0,equal,,347,317,279,405,295,414,425,379,519
0,equal,,310,277,319,395,260,346,467,481,451
0,equal,,402,448,213,333,383,273,389,492,480
0,equal,,307,250,337,346,256,491,462,459,412
0,equal,,273,237,235,379,323,374,523,407,459
0,equal,,170,339,301,501,334,387,642,391,385
0,equal,,273,291,247,333,404,389,420,393,586
0,equal,,313,333,235,362,300,378,507,382,577
0,equal,,243,169,285,391,343,268,632,532,522
0,equal,,337,356,334,397,297,420,484,576,458
0,equal,,270,261,217,507,415,324,527,534,395
0,equal,,232,387,275,336,476,282,493,618,420
0,equal,,296,257,381,393,354,461,608,378,558
0,equal,,256,274,250,453,351,487,424,523,676
0,equal,,292,311,183,357,343,404,343,547,469
0,equal,,313,291,240,313,277,350,517,378,469
0,equal,,271,204,274,349,438,427,436,424,374
0,equal,,200,199,279,380,251,419,539,454,515
0,equal,,299,224,298,423,435,334,563,413,583
0,equal,,298,228,317,399,273,402,440,439,394
0,equal,,379,291,199,336,421,362,496,376,556
0,equal,,279,254,175,407,324,389,507,539,216
0,equal,,314,298,225,325,340,353,472,674,471
0,equal,,257,295,291,361,345,382,343,446,390
0,equal,,316,305,281,215,378,358,574,448,432
0,equal,,232,231,293,410,309,281,451,256,410
0,equal,,300,125,310,379,263,340,436,508,537
0,equal,,327,214,156,356,323,321,531,526,563
0,equal,,272,225,345,301,395,327,266,366,502
0,equal,,300,281,277,367,410,286,538,459,497
0,equal,,349,307,272,390,224,256,417,423,224
0,equal,,279,295,391,333,328,467,372,466,551
0,equal,,317,203,239,346,281,369,405,341,317
0,equal,,273,240,304,361,407,385,394,564,564
0,equal,,299,251,221,313,372,381,411,626,422
0,equal,,262,206,284,422,414,272,513,492,136
0,equal,,173,373,280,333,289,389,372,544,311
0,equal,,366,258,327,381,423,330,500,519,580
0,equal,,333,298,344,314,382,347,356,317,601
0,equal,,341,285,363,341,244,453,547,379,511
0,equal,,274,176,155,405,337,239,590,513,416
0,equal,,270,344,350,322,545,374,443,468,598
0,equal,,241,269,297,397,386,320,632,533,472
0,equal,,221,288,340,319,206,351,455,487,350
0,equal,,327,302,158,464,316,328,440,458,399
0,equal,,315,257,255,300,350,242,560,391,366
0,equal,,270,239,344,460,202,372,480,430,545
0,equal,,319,277,364,375,322,205,399,394,473
0,equal,,180,292,343,318,303,431,611,450,519
0,equal,,286,244,285,472,400,307,447,449,380
0,equal,,322,208,291,382,290,280,566,400,442
0,equal,,295,328,264,374,334,441,284,489,472
0,equal,,316,245,178,475,422,282,395,424,406
0,equal,,275,297,254,336,237,256,605,556,497
0,equal,,290,315,296,421,293,447,421,442,403
0,equal,,235,360,351,281,411,280,366,527,480
0,equal,,301,149,292,298,329,330,461,129,503
0,equal,,327,226,204,450,308,331,408,275,438
0,equal,,276,263,338,324,339,419,403,550,407
0,equal,,237,274,243,277,370,430,418,505,522
0,equal,,271,340,341,365,425,429,419,587,528
0,equal,,341,227,299,401,339,335,592,527,536
0,equal,,276,214,242,260,431,278,475,451,272
0,equal,,358,202,281,432,248,322,609,468,550
0,equal,,173,243,308,296,485,450,378,520,453
0,equal,,405,233,292,231,313,392,471,381,523
0,equal,,355,293,297,255,319,324,370,462,356
0,equal,,373,289,261,437,359,393,476,560,449
0,equal,,273,362,244,299,294,290,477,557,521
0,equal,,224,328,213,227,248,379,549,315,434
0,equal,,185,232,322,431,421,319,565,659,314
0,equal,,355,249,259,203,427,354,245,424,484
0,equal,,261,259,395,308,380,221,519,458,443
0,equal,,346,368,279,381,377,271,300,380,487
0,equal,,314,267,268,436,348,383,469,445,485
0,equal,,330,276,161,329,252,395,544,458,390
0,equal,,260,258,254,275,276,308,343,417,519
0,equal,,303,246,206,311,394,410,374,514,444
0,equal,,275,266,275,291,389,380,469,357,360
0,equal,,204,278,391,326,376,491,469,384,597
0,equal,,240,322,265,401,463,425,398,485,417
0,equal,,206,261,254,302,327,336,455,289,484
0,equal,,157,264,211,373,303,429,594,399,535
0,equal,,158,343,280,323,330,382,467,464,468
0,equal,,325,254,213,267,350,334,440,503,400
0,equal,,243,252,346,433,331,354,408,506,400
0,equal,,286,294,263,254,396,258,358,513,525
0,equal,,198,233,326,438,393,302,430,463,517
0,equal,,241,279,221,192,211,313,279,297,491
0,equal,,244,357,242,359,256,308,491,418,482
0,equal,,263,359,292,295,326,322,486,417,517
0,equal,,257,356,284,363,255,241,539,359,488
0,equal,,319,253,292,322,265,430,493,514,580
0,equal,,279,204,312,370,408,207,477,513,270
0,equal,,240,252,330,261,254,364,345,516,415
0,equal,,231,221,305,367,280,375,476,419,458
0,equal,,333,326,310,334,229,417,337,495,490
0,equal,,280,306,286,293,420,379,477,528,327
0,equal,,254,280,302,345,367,420,348,532,354
0,equal,,271,306,253,326,412,410,540,446,595
0,equal,,228,201,169,322,196,376,364,542,311
0,equal,,362,304,288,366,435,322,470,418,593
0,equal,,233,239,338,381,382,394,425,386,553
0,equal,,212,166,177,297,360,243,477,351,444
0,equal,,278,316,278,414,406,360,521,274,524
0,equal,,266,223,305,185,239,426,357,340,519
0,equal,,297,240,243,348,334,395,529,537,379
0,equal,,268,295,336,382,405,467,406,720,584
0,equal,,291,303,206,362,301,262,577,468,457
0,equal,,272,306,246,366,406,401,563,491,489
0,equal,,286,295,330,285,381,272,566,489,384
0,equal,,284,292,267,296,348,396,724,252,505
0,equal,,241,293,268,370,431,460,396,485,544
0,equal,,382,273,205,373,367,320,481,321,513
0,equal,,310,235,229,356,272,331,492,424,484
0,equal,,215,157,290,354,410,281,539,424,481
0,equal,,180,232,241,261,278,316,366,496,566
0,equal,,264,277,339,347,408,325,443,428,405
0,equal,,384,266,250,321,321,320,189,424,441
0,equal,,248,264,250,420,295,373,412,599,469
0,equal,,233,215,250,183,300,374,526,482,377
0,equal,,282,382,322,466,431,298,581,527,328
0,equal,,335,286,426,292,434,430,533,594,400
0,equal,,299,243,303,376,171,460,400,492,376
0,equal,,256,189,303,385,455,232,365,523,470
0,equal,,223,109,180,272,273,325,454,314,345
0,equal,,185,315,277,476,367,364,455,611,479
0,equal,,312,222,328,334,410,347,393,366,559
0,equal,,241,337,203,343,298,276,372,528,494
0,equal,,177,244,277,434,311,334,375,274,459
0,equal,,282,296,251,353,381,218,448,524,530
0,equal,,248,231,250,381,351,314,405,522,579
0,equal,,230,338,260,483,301,367,389,366,453
0,equal,,252,258,269,377,386,350,541,589,396
0,equal,,305,259,319,446,395,346,401,487,450
0,equal,,234,215,289,280,282,374,553,351,543
0,equal,,388,251,216,431,276,391,548,300,409
0,equal,,264,250,309,313,311,319,463,504,567
0,equal,,344,272,305,324,373,412,609,562,526
0,equal,,255,252,284,245,354,313,502,499,627
0,equal,,305,376,396,355,498,444,370,506,424
0,equal,,280,305,300,399,296,374,449,279,304
0,equal,,285,202,287,218,300,408,450,420,413
0,equal,,315,188,318,359,456,406,445,617,428
0,equal,,281,248,265,398,270,389,451,478,430
0,equal,,273,289,258,257,355,375,478,432,343
0,equal,,247,267,289,296,470,475,444,574,434
0,equal,,240,267,264,247,317,394,392,278,472
0,equal,,372,257,299,315,487,357,666,527,448
0,equal,,298,274,216,310,375,221,428,426,417
0,equal,,304,311,249,319,339,269,593,522,479
0,equal,,329,246,235,431,368,304,528,397,418
0,equal,,296,314,224,353,253,349,370,388,402
0,equal,,272,263,344,411,379,443,528,302,529
0,equal,,286,326,239,364,374,340,484,467,400
0,equal,,261,283,283,290,349,401,458,362,388
0,equal,,264,273,308,342,356,288,594,458,391
0,equal,,263,292,262,417,433,401,578,384,388
0,equal,,240,305,147,435,425,461,331,524,503
0,equal,,292,347,322,400,360,370,398,553,444
0,equal,,317,314,256,411,303,453,425,470,439
0,equal,,290,257,252,268,408,302,503,410,368
0,equal,,182,211,282,229,340,345,386,456,444
0,equal,,311,309,301,344,402,340,407,521,359
0,equal,,267,287,229,245,304,313,421,388,524
0,equal,,286,253,227,320,286,268,418,391,525
0,equal,,313,256,352,443,254,416,642,295,620
0,equal,,358,239,203,258,335,388,480,487,334
0,equal,,338,280,286,470,325,306,597,490,433
0,equal,,197,361,266,326,409,352,386,525,559
0,equal,,291,223,357,380,475,486,651,443,485
0,equal,,307,330,325,283,478,325,568,356,541
0,equal,,260,286,348,429,377,352,445,612,477
0,equal,,212,254,255,447,329,374,347,427,332
0,equal,,340,252,335,225,506,373,446,518,555
0,equal,,400,374,274,355,273,405,420,446,633
0,equal,,260,285,332,385,326,378,400,458,462
0,equal,,236,261,335,414,379,340,423,454,338
0,equal,,266,204,217,390,288,322,426,287,509
0,equal,,234,201,286,344,347,435,402,432,387
0,equal,,342,330,338,348,378,311,455,493,562
0,equal,,375,298,267,296,426,401,425,388,608
0,equal,,229,350,282,392,368,385,578,330,463
0,equal,,284,229,240,404,370,399,430,382,479
0,equal,,260,311,331,556,336,380,433,531,465
0,equal,,132,154,310,388,270,294,519,397,479
0,equal,,207,308,319,429,447,323,307,519,362
0,equal,,223,335,256,338,357,446,531,372,388
0,equal,,285,274,288,403,402,354,451,470,634
0,equal,,192,196,229,376,290,371,680,388,357
0,equal,,312,199,272,383,306,420,405,455,490
0,equal,,435,224,227,384,441,376,485,350,304
0,equal,,391,252,270,353,414,289,563,586,475
0,equal,,204,230,295,300,315,334,403,447,394
0,equal,,237,293,295,281,410,288,511,444,522
0,equal,,320,346,360,480,262,484,434,554,584
0,equal,,339,307,286,397,330,289,477,457,510
0,equal,,235,358,402,371,353,440,279,410,578
0,equal,,400,297,280,340,483,329,382,449,578
0,equal,,264,258,315,399,341,283,524,272,420
0,equal,,297,194,325,375,316,413,374,556,246
0,equal,,335,286,212,552,416,261,418,459,538
0,equal,,214,302,276,484,411,498,356,637,568
0,equal,,296,204,340,309,332,227,427,404,537
0,equal,,281,237,231,405,320,354,465,421,458
0,equal,,380,269,328,335,267,385,169,445,455
0,equal,,260,329,322,434,306,268,717,498,460
0,equal,,221,315,270,263,263,357,445,424,498
0,equal,,208,222,274,305,254,322,415,364,373
0,equal,,250,239,191,332,267,350,570,397,495
0,equal,,226,314,227,196,317,376,464,530,535
0,equal,,460,312,271,333,299,370,496,685,514
0,equal,,261,229,317,429,332,288,474,518,497
0,equal,,270,353,361,411,391,381,555,503,691
0,equal,,277,300,209,234,281,307,321,363,356
0,equal,,235,277,232,308,393,276,409,440,357
0,equal,,330,206,241,378,361,391,448,396,539
0,equal,,374,333,228,438,339,244,552,504,397
0,equal,,367,258,312,325,411,336,417,434,376
0,equal,,250,275,207,283,202,221,432,360,233
0,equal,,269,329,197,279,401,336,301,526,413
0,equal,,261,374,202,419,480,420,551,409,390
0,equal,,228,233,289,425,191,335,446,542,424
0,equal,,258,244,381,269,369,368,435,424,437
0,equal,,340,303,372,404,302,345,530,513,390
0,equal,,218,291,237,250,449,396,242,431,376
0,equal,,265,391,349,398,384,457,500,771,462
0,equal,,281,193,222,277,378,353,354,406,656
0,equal,,392,359,186,357,378,227,514,436,429
0,equal,,436,259,297,505,313,339,529,312,397
0,equal,,243,215,237,308,382,309,409,386,391
0,equal,,298,257,230,334,271,419,593,514,569
0,equal,,383,248,250,425,259,253,606,328,447
0,equal,,296,225,270,394,280,338,426,405,276
0,equal,,332,324,215,326,436,319,495,517,407
0,equal,,275,333,128,421,399,352,451,488,397
0,equal,,210,233,202,454,344,363,371,381,563
0,equal,,176,288,297,270,499,328,461,431,395
0,equal,,237,219,325,198,413,427,433,540,461
0,equal,,250,213,153,325,326,332,391,521,456
0,equal,,369,279,360,420,405,315,525,424,380
0,equal,,326,276,301,359,461,353,408,488,536
0,equal,,224,210,333,369,336,328,452,564,416
0,equal,,284,293,330,368,400,214,468,555,534
0,equal,,335,295,236,322,307,424,421,434,424
0,equal,,184,282,280,354,350,255,403,453,464
0,equal,,303,228,272,355,530,369,351,513,448
0,equal,,300,335,155,305,434,294,516,357,384
0,equal,,303,219,248,339,421,277,499,342,416
0,equal,,266,308,256,400,411,433,506,516,486
0,equal,,304,300,304,462,341,332,648,643,520
0,equal,,374,344,273,357,326,449,435,534,465
0,equal,,258,304,237,282,353,367,428,466,424
0,equal,,267,296,325,394,317,339,507,484,488
0,equal,,289,262,289,381,330,282,387,567,264
0,equal,,323,326,340,240,479,288,380,344,382
0,equal,,304,354,348,341,414,442,436,568,473
0,equal,,286,343,268,507,383,393,366,625,304
0,equal,,342,275,269,320,244,328,412,356,483
0,equal,,266,271,254,388,270,329,486,575,336
0,equal,,267,227,210,371,458,503,408,417,458
0,equal,,270,265,257,550,335,294,449,398,587
0,equal,,254,207,268,347,275,345,447,332,551
0,equal,,315,382,260,357,337,354,442,429,514
0,equal,,366,287,290,337,321,248,519,581,463
0,equal,,273,131,319,306,381,508,294,312,369
0,equal,,313,148,235,314,325,293,398,359,443
0,equal,,290,370,213,323,311,302,505,499,430
0,equal,,195,298,289,230,442,324,391,550,567
0,equal,,305,303,373,301,414,382,628,594,466
0,equal,,366,345,314,382,395,361,487,595,691
0,equal,,280,171,331,403,307,281,374,390,433
0,equal,,337,249,246,358,480,354,428,474,466
0,equal,,401,240,355,323,247,218,418,389,337
0,equal,,287,315,172,329,268,280,438,521,554
0,equal,,267,274,297,382,374,289,322,298,446
0,equal,,287,286,406,325,344,348,259,463,421
1,equal,,313,385,317,373,273,405,504,631,343
1,equal,,400,325,282,501,445,378,490,573,522
1,equal,,279,367,351,516,391,486,681,620,459
1,equal,,301,307,273,518,333,492,513,523,467
1,equal,,212,372,312,418,325,340,419,583,499
1,equal,,346,271,246,432,292,380,698,643,435
1,equal,,207,332,329,247,452,463,586,578,367
1,equal,,326,277,254,395,383,498,535,589,602
1,equal,,357,334,345,301,429,392,497,607,429
1,equal,,268,370,224,362,407,490,419,546,462
1,equal,,289,354,306,353,509,444,485,434,534
1,equal,,289,391,270,333,514,198,603,693,421
1,equal,,420,386,313,515,442,363,727,583,464
1,equal,,331,301,353,470,463,483,493,360,324
1,equal,,295,268,430,434,244,375,363,494,513
1,equal,,249,183,343,250,448,366,609,362,595
1,equal,,314,337,363,327,240,459,556,565,529
1,equal,,294,306,371,530,379,440,504,440,533
1,equal,,297,301,313,542,494,363,534,420,482
1,equal,,238,220,339,325,340,506,497,477,504
1,equal,,341,330,326,427,391,613,635,635,585
1,equal,,257,262,335,383,302,464,371,583,640
1,equal,,357,339,319,407,334,548,462,554,541
1,equal,,350,366,315,534,450,461,552,563,325
1,equal,,279,285,302,197,450,431,487,526,536
1,equal,,228,351,277,396,274,294,492,454,360
1,equal,,360,372,330,369,377,397,444,705,408
1,equal,,344,342,276,449,448,428,563,491,543
1,equal,,293,336,320,356,362,414,286,451,538
1,equal,,350,279,281,425,222,419,501,488,528
1,equal,,316,307,318,438,417,494,586,644,688
1,equal,,402,373,338,471,590,508,584,553,600
1,equal,,329,333,333,354,426,401,410,550,543
1,equal,,309,305,381,466,541,419,446,542,506
1,equal,,313,302,398,358,459,392,517,601,706
1,equal,,355,322,376,358,402,426,535,547,614
1,equal,,183,269,332,98,343,380,494,420,590
1,equal,,259,219,274,322,441,328,526,445,536
1,equal,,337,249,287,485,403,436,554,609,528
1,equal,,336,249,238,441,439,269,407,559,452
1,equal,,334,358,321,565,355,380,566,459,491
1,equal,,307,238,308,398,395,489,439,490,483
1,equal,,332,305,284,475,374,439,468,570,445
1,equal,,332,318,364,243,388,476,436,529,630
1,equal,,260,305,291,335,420,368,578,503,424
1,equal,,303,374,280,364,441,359,353,452,548
1,equal,,282,424,241,547,520,395,551,529,450
1,equal,,351,361,292,497,388,404,662,426,403
1,equal,,365,297,326,387,345,342,609,385,369
1,equal,,346,436,301,339,430,534,576,479,557
1,equal,,262,279,213,546,194,388,506,377,399
1,equal,,321,421,274,542,400,491,658,546,509
1,equal,,273,352,308,367,401,456,629,510,581
1,equal,,374,332,234,405,393,445,604,482,471
1,equal,,342,363,297,304,457,352,526,556,434
1,equal,,329,282,331,419,396,351,547,629,355
1,equal,,367,295,366,465,440,402,515,361,515
1,equal,,314,381,374,229,480,443,521,589,631
1,equal,,310,300,320,391,226,357,515,438,519
1,equal,,264,407,302,348,487,479,431,570,415
1,equal,,330,325,316,454,517,366,590,431,398
1,equal,,405,358,326,395,480,320,498,422,409
1,equal,,427,311,367,391,328,554,496,455,403
1,equal,,270,353,277,415,510,431,384,700,528
1,equal,,308,230,366,402,318,445,487,370,553
1,equal,,357,329,404,339,355,359,552,500,610
1,equal,,331,322,379,335,546,456,556,630,649
1,equal,,300,279,350,401,456,562,326,614,637
1,equal,,284,387,288,519,535,463,570,696,658
1,equal,,255,372,315,487,423,474,419,608,557
1,equal,,269,326,297,414,539,488,512,621,457
1,equal,,378,341,369,466,384,423,545,467,504
1,equal,,148,244,330,363,438,569,491,732,474
1,equal,,408,390,261,579,357,480,469,593,550
1,equal,,318,379,314,487,385,434,570,522,535
1,equal,,336,423,319,402,472,338,582,672,592
1,equal,,414,303,346,504,424,262,445,554,396
1,equal,,344,323,376,310,415,443,592,553,455
1,equal,,339,352,338,387,423,437,510,470,570
1,equal,,322,234,266,337,343,385,558,577,564
1,equal,,324,280,243,284,425,438,464,720,454
1,equal,,258,291,388,420,419,407,575,406,578
1,equal,,361,300,339,315,388,415,515,471,419
1,equal,,277,314,261,419,419,324,588,584,638
1,equal,,272,330,399,304,375,476,549,519,583
1,equal,,329,266,345,445,426,570,468,620,591
1,equal,,387,258,372,280,428,414,576,625,567
1,equal,,410,381,329,503,489,489,547,593,557
1,equal,,349,418,266,394,463,431,595,600,592
1,equal,,321,333,378,379,391,465,355,484,488
1,equal,,318,359,362,475,475,525,442,379,634
1,equal,,344,344,360,416,502,295,543,578,474
1,equal,,411,233,337,474,396,473,533,476,656
1,equal,,365,329,287,394,388,342,548,500,684
1,equal,,350,333,354,467,388,317,542,441,518
1,equal,,287,107,268,355,387,226,602,393,399
1,equal,,306,336,287,320,241,551,448,475,508
1,equal,,358,356,309,367,283,431,608,384,590
1,equal,,347,434,339,329,570,440,595,608,621
1,equal,,263,401,345,317,421,328,355,451,716
1,equal,,295,362,260,419,446,413,386,555,425
1,equal,,283,374,286,280,492,476,576,554,578
1,equal,,310,278,346,394,374,456,528,474,637
1,equal,,390,289,258,407,402,528,534,642,555
1,equal,,293,176,320,398,410,375,618,620,497
1,equal,,372,283,311,294,365,377,590,365,687
1,equal,,252,258,334,382,335,447,607,507,527
1,equal,,350,245,328,325,282,354,490,437,620
1,equal,,275,358,262,449,429,452,621,633,626
1,equal,,279,316,337,339,415,413,408,466,553
1,equal,,309,308,304,563,470,396,723,397,619
1,equal,,307,334,379,361,358,412,522,593,528
1,equal,,225,243,397,394,362,386,448,317,550
1,equal,,260,283,340,444,471,318,493,500,626
1,equal,,414,314,241,416,395,439,633,611,550
1,equal,,279,351,418,430,466,428,504,565,563
1,equal,,277,374,409,414,425,397,384,476,537
1,equal,,362,332,286,467,478,358,491,659,384
1,equal,,286,311,280,353,427,459,477,483,442
1,equal,,326,208,392,438,240,467,461,600,530
1,equal,,359,241,401,522,351,495,616,480,520
1,equal,,390,203,398,328,344,440,605,541,640
1,equal,,221,335,290,360,441,374,539,581,521
1,equal,,252,431,312,379,431,373,588,546,448
1,equal,,332,320,444,433,457,441,663,741,589
1,equal,,344,348,296,522,447,336,565,588,636
1,equal,,321,290,341,541,363,449,487,461,622
1,equal,,232,326,369,415,442,513,404,465,601
1,equal,,294,321,290,422,269,452,557,472,580
1,equal,,283,286,316,389,421,481,592,369,493
1,equal,,334,322,201,439,420,517,558,615,592
1,equal,,352,257,243,517,528,321,756,624,478
1,equal,,389,318,433,411,443,449,559,474,617
1,equal,,389,368,396,503,499,206,733,536,535
1,equal,,300,337,282,487,391,353,605,565,551
1,equal,,363,252,343,425,255,396,546,485,565
1,equal,,358,313,244,400,344,463,522,462,419
1,equal,,212,374,275,380,343,427,465,570,516
1,equal,,388,292,264,359,331,441,502,678,354
1,equal,,357,304,375,393,430,283,544,571,582
1,equal,,456,289,310,358,460,388,534,490,466
1,equal,,378,237,321,411,432,402,628,565,558
1,equal,,299,185,281,371,319,465,520,559,577
1,equal,,390,333,286,422,389,409,515,563,502
1,equal,,438,270,303,387,375,468,522,659,654
1,equal,,254,341,324,217,313,468,451,464,480
1,equal,,335,304,367,524,371,382,722,483,581
1,equal,,327,244,382,383,371,476,507,584,537
1,equal,,418,204,317,331,561,417,544,542,505
1,equal,,409,368,296,431,465,319,529,638,623
1,equal,,220,405,276,386,427,495,548,601,576
1,equal,,357,318,276,416,236,266,604,507,432
1,equal,,230,331,251,557,437,421,624,587,643
1,equal,,319,330,311,393,385,352,555,478,510
1,equal,,289,286,266,370,492,443,469,496,581
1,equal,,289,353,418,270,400,439,377,516,511
1,equal,,222,437,300,327,375,442,513,571,607
1,equal,,359,347,284,499,397,206,583,470,511
1,equal,,295,334,339,299,514,323,477,590,561
1,equal,,406,244,294,363,357,327,469,548,483
1,equal,,365,324,321,321,407,414,560,619,542
1,equal,,346,333,348,448,440,427,623,569,580
1,equal,,364,302,384,383,329,332,523,539,465
1,equal,,262,373,284,300,438,379,496,614,404
1,equal,,249,329,374,474,373,403,524,661,531
1,equal,,315,290,387,407,469,375,542,571,502
1,equal,,402,329,309,448,407,415,657,434,473
1,equal,,209,275,393,427,438,475,618,292,518
1,equal,,281,175,330,450,308,447,581,465,709
1,equal,,392,268,349,469,288,430,570,677,580
1,equal,,286,363,334,476,494,323,542,668,508
1,equal,,403,407,325,435,414,463,553,563,588
1,equal,,294,337,292,404,324,415,526,697,478
1,equal,,323,352,355,388,371,382,571,589,505
1,equal,,304,330,452,474,485,413,502,435,526
1,equal,,314,289,362,370,331,414,401,513,590
1,equal,,287,296,386,388,410,512,500,600,545
1,equal,,211,311,203,535,306,331,522,360,334
1,equal,,192,208,318,440,371,430,636,623,553
1,equal,,229,318,219,361,490,446,473,545,591
1,equal,,296,163,328,419,392,416,643,564,492
1,equal,,362,333,279,316,540,398,486,590,492
1,equal,,405,400,236,479,360,428,573,505,479
1,equal,,342,315,397,473,468,379,447,542,649
1,equal,,379,291,308,295,484,334,476,570,609
1,equal,,299,352,371,401,422,335,497,608,589
1,equal,,373,430,271,364,371,443,551,564,533
1,equal,,288,307,264,385,269,430,350,428,697
1,equal,,332,280,302,415,363,351,583,514,460
1,equal,,262,303,262,520,418,371,560,571,574
1,equal,,333,382,282,536,364,483,670,562,316
1,equal,,360,285,335,382,450,514,631,690,717
1,equal,,399,322,297,497,375,392,512,525,363
1,equal,,188,235,427,385,309,455,437,614,653
1,equal,,232,374,336,249,484,367,559,455,515
1,equal,,330,357,333,406,464,437,788,479,625
1,equal,,263,333,374,455,369,473,556,442,842
1,equal,,370,320,263,319,441,531,610,575,673
1,equal,,338,306,295,440,509,409,545,567,485
1,equal,,311,357,265,397,583,409,550,557,584
1,equal,,354,434,348,348,456,387,421,543,576
1,equal,,345,230,336,377,342,472,591,552,580
1,equal,,219,248,417,339,424,459,485,463,707
1,equal,,377,221,383,466,498,450,499,502,577
1,equal,,273,296,212,326,371,336,548,502,428
1,equal,,235,307,364,365,373,384,403,535,509
1,equal,,281,241,247,431,300,363,539,469,422
1,equal,,264,224,354,254,407,420,448,428,667
1,equal,,259,333,376,441,453,361,264,619,369
1,equal,,378,343,334,469,360,473,390,574,585
1,equal,,368,324,391,543,481,495,417,476,538
1,equal,,214,346,283,378,515,355,543,548,575
1,equal,,311,315,273,417,447,458,628,589,640
1,equal,,337,353,314,507,413,324,421,564,493
1,equal,,309,365,344,446,470,276,561,625,469
1,equal,,333,337,382,336,389,477,522,585,530
1,equal,,235,386,314,460,433,420,505,580,449
1,equal,,423,396,310,487,400,435,511,623,404
1,equal,,392,242,284,356,335,295,580,471,504
1,equal,,374,284,298,366,426,377,381,358,468
1,equal,,266,235,327,392,384,521,594,482,558
1,equal,,356,359,343,366,374,451,588,368,515
1,equal,,360,275,341,459,415,413,596,524,588
1,equal,,343,421,291,397,427,373,520,673,385
1,equal,,338,286,360,447,451,342,487,573,723
1,equal,,300,380,289,364,345,412,374,608,676
1,equal,,287,337,247,386,460,420,418,525,402
1,equal,,382,296,368,368,455,362,501,423,540
1,equal,,356,380,349,406,394,557,610,557,537
1,equal,,301,307,377,352,417,419,565,494,458
1,equal,,355,277,347,592,464,320,474,579,576
1,equal,,380,367,373,368,475,297,425,381,455
1,equal,,328,326,220,350,429,348,504,598,564
1,equal,,404,241,329,409,378,359,610,560,428
1,equal,,284,302,280,395,453,446,597,595,404
1,equal,,284,316,347,438,442,438,384,445,453
1,equal,,292,267,335,393,450,350,531,523,567
1,equal,,294,265,344,396,276,453,356,647,476
1,equal,,283,318,300,429,373,380,710,570,426
1,equal,,385,277,323,397,444,305,552,659,564
1,equal,,360,246,315,323,415,373,528,430,494
1,equal,,298,285,264,451,387,367,555,514,562
1,equal,,291,354,315,390,431,446,629,594,571
1,equal,,402,330,355,361,347,444,534,541,497
1,equal,,285,336,320,335,278,363,503,594,515
1,equal,,369,277,379,433,362,376,377,599,540
1,equal,,302,403,216,370,432,382,603,635,521
1,equal,,408,252,355,296,444,507,469,565,602
1,equal,,440,363,284,580,410,480,691,588,460
1,equal,,308,466,381,554,467,464,529,683,600
1,equal,,344,257,315,434,478,301,536,584,443
1,equal,,349,428,414,518,334,412,556,469,610
1,equal,,229,251,368,347,373,482,559,449,536
1,equal,,138,249,247,390,364,291,479,448,614
1,equal,,330,352,279,466,255,328,575,491,523
1,equal,,261,335,295,431,435,501,583,540,474
1,equal,,359,229,252,393,412,246,459,712,615
1,equal,,232,348,344,431,284,397,650,571,414
1,equal,,312,290,382,378,442,570,464,589,425
1,equal,,400,335,281,542,343,474,570,436,443
1,equal,,334,296,326,399,434,352,448,471,540
1,equal,,227,297,260,323,521,427,504,457,597
1,equal,,351,333,324,374,430,509,436,610,559
1,equal,,274,408,268,379,362,461,500,402,547
1,equal,,355,390,278,414,483,432,496,557,444
1,equal,,348,324,226,467,341,341,379,332,447
1,equal,,209,385,295,364,467,462,429,601,510
1,equal,,337,252,244,378,452,398,541,578,493
1,equal,,346,281,387,509,399,421,492,523,534
1,equal,,371,379,262,452,396,405,726,451,409
1,equal,,433,297,344,588,379,389,635,551,372
1,equal,,341,364,334,420,374,429,539,599,580
1,equal,,258,386,262,485,451,309,496,402,510
1,equal,,360,190,285,430,311,320,513,609,566
1,equal,,353,388,272,429,465,499,488,574,534
1,equal,,350,412,270,382,521,280,552,602,410
1,equal,,302,274,303,469,498,381,522,521,536
1,equal,,310,288,271,522,438,477,624,462,567
1,equal,,295,340,289,311,425,435,408,532,633
1,equal,,316,284,315,450,392,432,512,450,505
1,equal,,446,323,247,564,551,429,501,507,430
1,equal,,358,320,392,417,579,334,619,665,701
1,equal,,357,311,330,479,446,500,578,517,487
1,equal,,410,362,332,516,425,461,633,394,602
1,equal,,342,307,291,297,424,395,364,557,752
1,equal,,193,332,366,364,395,463,537,581,650
1,equal,,293,361,356,299,378,401,482,522,402
1,equal,,379,260,311,490,424,427,539,482,488
1,equal,,334,290,313,424,403,426,436,549,533
1,equal,,298,298,357,443,379,438,608,498,416
1,equal,,375,299,313,409,418,432,718,580,585
1,equal,,340,331,451,389,235,272,508,463,508
1,equal,,283,216,261,366,381,467,410,449,516
1,equal,,334,263,416,308,391,445,487,540,582
1,equal,,244,263,352,369,472,397,439,632,704
1,equal,,261,307,308,418,409,407,492,373,511
1,equal,,346,200,317,342,406,355,471,470,569
1,equal,,346,265,337,337,441,425,563,621,417
1,equal,,287,253,325,451,457,487,406,419,567
1,equal,,268,249,342,375,365,418,449,624,781
1,equal,,348,352,368,419,522,354,639,694,718
1,equal,,335,276,308,385,424,411,498,536,554
1,equal,,308,326,285,447,370,463,663,481,423
1,equal,,362,291,284,442,442,361,560,571,519
1,equal,,329,295,363,439,419,379,547,519,442
1,equal,,319,305,300,469,360,430,532,508,580
1,equal,,235,255,221,360,346,327,440,616,428
1,equal,,355,372,357,404,423,517,554,568,545
1,equal,,374,334,347,428,463,434,697,670,638
1,equal,,270,315,291,413,313,418,478,491,456
1,equal,,353,374,260,284,482,493,553,565,529
1,equal,,296,245,318,365,372,460,410,652,514
1,equal,,317,265,288,432,384,298,628,549,428
1,equal,,285,244,306,392,470,402,621,591,432
1,equal,,314,310,311,412,402,245,553,407,572
1,equal,,287,292,314,431,450,430,575,489,508
1,equal,,321,247,365,431,375,366,595,474,831
1,equal,,370,186,325,422,424,361,477,408,581
1,equal,,311,420,310,359,346,263,463,616,358
1,equal,,273,446,295,483,534,436,561,718,444
1,equal,,300,354,292,313,542,295,593,547,429
1,equal,,343,279,318,354,326,212,468,423,573
1,equal,,174,321,376,441,410,407,694,693,362
1,equal,,342,325,354,372,340,557,499,522,678
1,equal,,357,299,301,459,491,490,616,472,511
1,equal,,294,450,332,375,387,475,392,317,631
1,equal,,299,222,421,498,376,293,436,463,490
1,equal,,288,302,285,461,390,385,567,519,573
1,equal,,265,287,401,243,400,507,558,560,599
1,equal,,417,353,307,399,406,385,666,550,530
1,equal,,404,270,318,415,518,451,537,627,601
1,equal,,346,344,303,505,321,436,504,518,477
1,equal,,321,323,286,511,377,284,528,465,409
1,equal,,202,308,338,407,449,516,396,500,517
1,equal,,233,287,292,399,489,366,390,432,608
1,equal,,338,303,315,409,347,324,491,277,564
1,equal,,281,267,318,359,372,379,573,432,536
1,equal,,268,326,325,308,482,544,458,600,620
1,equal,,342,304,296,218,459,385,586,574,466
1,equal,,247,370,232,318,482,508,482,594,542
1,equal,,372,310,368,388,444,523,503,456,651
1,equal,,334,325,351,485,361,315,482,523,454
1,equal,,277,292,358,390,411,375,583,589,545
1,equal,,297,313,384,181,428,385,361,433,253
1,equal,,257,291,260,476,515,476,497,523,566
1,equal,,270,343,259,401,453,272,590,451,402
1,equal,,421,312,296,390,332,426,491,403,511
1,equal,,316,350,254,384,455,413,646,553,449
1,equal,,229,330,168,376,529,393,414,623,339
1,equal,,368,305,229,488,270,353,605,571,581
1,equal,,319,300,266,489,418,318,527,524,509
1,equal,,320,307,229,355,445,431,536,528,439
1,equal,,333,389,408,448,432,474,662,606,574
1,equal,,306,359,217,348,506,381,490,423,535
1,equal,,401,277,270,316,443,407,557,391,453
1,equal,,340,327,362,432,325,479,635,574,520
1,equal,,236,377,359,489,370,460,319,518,445
1,equal,,315,350,333,520,441,366,549,631,505
1,equal,,293,319,288,513,367,493,578,403,603
1,equal,,287,247,346,373,395,387,452,442,390
1,equal,,271,375,355,391,493,380,411,547,612
1,equal,,290,337,405,380,364,478,402,572,599
1,equal,,425,346,305,514,390,457,682,341,423
1,equal,,350,307,222,404,499,509,592,470,502
1,equal,,454,348,343,495,466,441,637,491,605
1,equal,,331,363,374,311,397,408,547,606,568
1,equal,,348,362,159,453,461,425,535,487,558
1,equal,,304,381,348,423,403,408,554,560,517
1,equal,,396,317,341,390,404,411,523,615,603
1,equal,,357,303,446,390,375,497,593,570,451
1,equal,,252,368,381,405,282,452,527,537,705
1,equal,,301,233,360,365,445,490,394,323,497
1,equal,,300,268,283,479,380,393,541,357,714
1,equal,,259,285,347,354,337,337,541,490,626
1,equal,,427,317,323,469,475,490,501,493,640
1,equal,,328,376,356,425,490,482,595,452,593
1,equal,,269,280,316,322,419,485,597,601,599
1,equal,,224,399,269,341,413,422,444,528,556
1,equal,,357,397,223,357,482,374,604,465,281
1,equal,,355,380,361,387,363,418,536,485,546
1,equal,,246,304,355,406,426,542,518,630,460
1,equal,,217,213,353,404,379,373,491,325,481
1,equal,,348,329,216,396,336,459,487,590,501
1,equal,,379,353,335,497,442,403,504,580,705
1,equal,,257,313,320,292,417,405,474,456,488
1,equal,,281,300,345,414,389,327,596,668,586
1,equal,,326,268,318,364,353,391,447,467,652
1,equal,,365,318,265,318,355,449,661,621,508
1,equal,,371,333,221,358,406,402,522,425,519
1,equal,,317,366,273,363,440,386,683,670,388
1,equal,,401,289,456,315,262,426,576,504,429
1,equal,,386,319,445,454,445,484,710,352,576
1,equal,,238,338,282,450,371,409,415,406,594
1,equal,,291,407,297,379,365,486,424,656,495
1,equal,,374,325,310,412,484,337,527,463,500
1,equal,,358,278,198,463,329,348,589,438,398
1,equal,,399,297,239,439,429,404,628,529,492
1,equal,,332,291,388,419,429,317,409,495,545
1,equal,,289,369,338,345,317,431,550,459,592
1,equal,,267,393,262,280,365,370,425,625,534
1,equal,,438,263,283,517,475,555,655,614,685
1,equal,,324,314,382,444,370,508,660,392,569
1,equal,,275,268,241,303,511,391,580,559,666
1,equal,,323,223,286,348,402,405,501,501,539
1,equal,,398,321,354,452,436,252,629,557,490
1,equal,,344,332,268,473,277,386,572,620,631
1,equal,,400,350,377,432,499,419,538,527,762
1,equal,,281,401,347,236,477,363,557,425,570
1,equal,,373,473,282,378,434,305,487,651,600
1,equal,,309,285,238,517,414,492,728,492,479
1,equal,,336,415,230,317,474,373,651,561,543
1,equal,,370,305,285,557,413,482,457,599,554
1,equal,,322,351,281,460,429,400,567,539,676
1,equal,,192,241,345,423,464,417,483,596,522
1,equal,,308,311,359,410,351,560,643,519,654
1,equal,,322,357,338,404,408,443,439,490,493
1,equal,,435,432,362,387,563,492,536,500,457
1,equal,,313,380,306,464,413,360,353,534,585
1,equal,,249,280,218,452,284,419,505,419,464
1,equal,,374,220,307,385,371,460,671,715,610
1,equal,,276,312,284,551,326,491,608,541,554
1,equal,,238,302,301,552,418,379,521,615,449
1,equal,,320,314,378,460,479,409,566,504,429
1,equal,,380,327,270,471,312,404,515,491,447
1,equal,,310,358,317,474,390,433,469,433,422
1,equal,,300,228,327,458,261,473,665,321,534
1,equal,,323,297,314,348,521,364,470,474,428
1,equal,,295,270,345,436,306,408,535,407,543
1,equal,,312,305,275,390,327,401,578,602,583
1,equal,,368,260,295,440,377,405,668,434,439
1,equal,,364,405,282,364,440,445,549,509,555
1,equal,,317,332,392,290,484,486,408,752,524
1,equal,,370,350,288,446,376,424,548,413,442
1,equal,,290,345,322,476,361,433,431,579,577
1,equal,,275,320,349,382,420,391,522,385,568
1,equal,,288,357,324,377,416,290,398,603,516
1,equal,,311,297,326,361,357,401,539,419,599
1,equal,,334,286,371,386,447,588,629,478,453
1,equal,,320,239,343,376,385,400,527,571,592
1,equal,,355,232,381,412,296,473,625,385,619
1,equal,,400,395,321,445,435,396,415,548,548
1,equal,,369,372,442,417,514,451,516,632,442
1,equal,,397,210,288,484,354,309,641,588,613
1,equal,,344,393,298,375,513,341,462,461,460
1,equal,,265,302,276,320,329,407,622,383,359
1,equal,,389,292,295,430,349,375,624,391,644
1,equal,,183,398,264,468,321,455,546,538,456
1,equal,,327,370,341,386,442,415,491,650,570
1,equal,,302,344,360,425,482,486,486,473,571
1,equal,,302,374,398,486,363,351,563,538,654
1,equal,,253,339,218,475,499,369,481,515,558
1,equal,,366,243,367,390,413,384,566,739,521
1,equal,,345,339,308,484,476,467,679,599,565
1,equal,,301,316,339,302,390,391,507,693,576
1,equal,,362,295,346,311,411,348,594,456,574
1,equal,,237,422,295,417,511,343,556,642,469
1,equal,,282,432,446,395,531,647,394,512,569
1,equal,,213,313,285,423,506,531,488,369,514
1,equal,,331,254,334,403,499,354,510,562,369
1,equal,,343,293,357,403,401,410,646,613,517
1,equal,,236,300,204,404,470,279,474,529,627
1,equal,,390,310,253,390,415,336,643,439,454
1,equal,,253,331,340,279,487,508,443,422,738
1,equal,,389,312,337,454,379,452,444,483,589
1,equal,,266,339,288,412,385,367,520,427,354
1,equal,,307,258,336,536,497,314,531,711,444
1,equal,,360,308,234,267,382,346,251,508,414
1,equal,,318,308,240,538,335,272,458,397,584
1,equal,,323,364,321,472,428,469,596,587,560
1,equal,,327,277,328,358,443,475,447,410,449
1,equal,,359,372,347,516,500,465,586,534,444
1,equal,,353,327,373,429,342,426,657,366,613
1,equal,,279,299,299,369,274,480,563,389,550
1,equal,,282,291,284,381,299,436,377,621,502
1,equal,,361,284,260,441,430,441,458,587,550
1,equal,,322,362,302,435,438,463,478,488,635
1,equal,,336,323,365,465,320,452,506,404,521
1,equal,,242,317,271,396,357,398,524,487,695
1,equal,,213,350,342,474,489,577,625,527,499
1,equal,,210,312,327,338,354,500,232,493,501
1,equal,,309,297,211,370,413,399,470,548,466
1,equal,,279,282,299,424,435,477,484,490,472
1,equal,,372,280,233,441,400,345,544,491,390
1,equal,,272,383,376,490,368,459,548,651,562
1,equal,,305,252,388,369,278,450,563,506,494
1,equal,,284,342,316,448,472,527,549,605,498
1,equal,,299,344,287,402,424,389,509,468,759
1,equal,,352,295,270,365,440,302,428,475,432
1,equal,,298,331,405,333,397,502,456,492,481
1,equal,,315,334,239,462,392,328,522,689,410
1,equal,,335,355,244,496,479,360,588,479,420
1,equal,,326,282,253,417,445,498,482,762,445
1,equal,,247,299,259,379,358,358,441,506,502
1,equal,,315,277,316,425,346,362,464,379,476
1,equal,,257,273,359,460,253,406,552,558,501
1,equal,,363,300,341,470,360,476,546,553,657
1,equal,,414,375,407,496,453,366,571,590,588
1,equal,,320,333,265,417,359,452,562,426,540
1,equal,,289,297,282,370,454,321,516,697,429
1,equal,,281,367,350,279,371,367,485,393,558
1,equal,,243,303,292,241,384,489,339,510,545
1,equal,,271,381,337,364,375,419,517,641,531
1,equal,,172,362,239,289,428,442,463,570,418
1,equal,,456,356,220,451,497,320,515,599,561
1,equal,,314,338,294,513,352,368,616,433,484
1,equal,,402,399,237,432,436,462,620,674,361
1,equal,,453,352,339,552,389,415,562,522,645
1,equal,,358,252,247,513,410,339,543,540,542
1,equal,,371,344,339,495,479,498,681,482,540
1,equal,,330,356,317,453,311,351,421,370,653
1,equal,,372,337,292,452,338,336,583,538,529
1,equal,,223,331,325,344,449,412,405,585,521
1,equal,,331,374,328,270,436,314,504,604,491
1,equal,,285,387,210,464,433,440,393,553,504
1,equal,,253,398,272,469,462,303,489,444,522
1,equal,,228,536,326,230,400,429,381,532,463
1,equal,,365,339,406,306,353,417,498,351,443
1,equal,,346,202,283,264,350,209,537,520,511
1,equal,,330,245,320,315,432,323,588,468,683
1,equal,,359,326,361,365,540,419,477,521,418
1,equal,,251,280,398,339,416,419,536,537,728
1,equal,,262,326,330,371,322,600,424,513,500
1,equal,,291,311,308,450,498,409,348,540,405
1,equal,,382,268,339,529,415,450,689,345,526
1,equal,,362,405,373,410,425,516,646,645,575
1,equal,,351,367,364,358,349,493,573,474,592
1,equal,,277,326,387,456,481,384,500,571,519
1,equal,,272,322,308,382,468,482,576,407,500
1,equal,,293,273,327,453,397,547,524,254,583
1,equal,,319,323,342,475,481,354,524,523,479
1,equal,,143,328,338,383,386,424,605,616,485
1,equal,,237,241,397,343,409,462,467,419,550
1,equal,,182,434,361,340,471,430,586,690,483
1,equal,,334,334,286,470,365,529,406,610,577
1,equal,,333,289,301,432,336,358,606,601,459
1,equal,,326,357,312,513,419,485,401,568,474
1,equal,,374,352,364,398,331,507,796,599,397
1,equal,,364,304,347,459,409,422,577,480,626
1,equal,,368,236,326,371,426,408,446,478,499
1,equal,,269,276,371,393,452,477,595,508,535
1,equal,,370,292,201,349,415,471,603,383,621
1,equal,,293,348,409,359,305,544,379,563,395
1,equal,,317,495,478,436,507,407,673,674,516
1,equal,,335,312,412,424,334,443,525,496,378
1,equal,,195,356,408,392,445,443,504,720,773
1,equal,,265,252,390,306,360,435,518,510,596
1,equal,,361,329,290,467,488,323,620,413,436
1,equal,,260,330,363,302,522,406,546,413,619
1,equal,,305,256,373,458,542,375,378,644,461
1,equal,,356,313,320,530,369,372,470,578,605
1,equal,,337,295,498,336,383,502,426,668,572
1,equal,,242,329,212,382,402,395,458,574,530
1,equal,,282,380,308,427,472,601,602,550,494
1,equal,,324,188,261,372,337,399,479,580,503
1,equal,,365,348,301,473,407,319,368,531,455
1,equal,,265,314,301,357,487,436,435,615,573
1,equal,,409,323,329,424,352,340,861,431,510
1,equal,,271,360,272,434,528,474,562,593,505
1,equal,,378,359,210,435,367,400,539,468,457
1,equal,,271,286,293,485,485,453,513,522,642
1,equal,,265,349,240,299,443,428,482,470,454
1,equal,,263,377,257,386,437,394,424,521,346
1,equal,,382,296,392,455,385,411,529,421,538
1,equal,,339,411,353,360,438,443,379,362,490
1,equal,,288,260,229,471,522,447,448,542,475
1,equal,,408,334,375,524,445,291,589,525,519
1,equal,,234,195,272,240,439,460,362,407,616
1,equal,,389,340,321,419,379,400,570,577,470
1,equal,,263,335,358,335,413,444,542,506,492
1,equal,,235,290,366,398,444,266,543,541,425
1,equal,,392,266,315,332,459,482,507,428,492
1,equal,,346,379,284,556,407,391,583,546,603
1,equal,,328,424,303,510,491,346,536,454,500
1,equal,,288,313,341,408,455,435,444,520,478
1,equal,,371,339,360,424,334,443,589,496,527
1,equal,,196,378,275,435,594,269,545,479,494
1,equal,,340,347,403,372,564,397,566,585,597
1,equal,,398,352,331,448,502,558,498,554,502
1,equal,,311,396,298,267,444,359,433,505,422
1,equal,,283,312,256,444,507,382,556,317,528
1,equal,,280,294,352,409,352,354,491,476,496
1,equal,,301,358,336,410,353,475,544,545,480
1,equal,,255,371,375,284,424,419,613,776,407
1,equal,,398,304,379,329,405,396,446,491,486
1,equal,,372,381,376,398,378,428,681,570,536
1,equal,,308,277,310,447,518,457,541,471,659
1,equal,,319,297,357,396,440,410,537,572,451
1,equal,,293,282,246,423,436,442,579,433,464
1,equal,,348,394,254,564,397,412,580,494,401
1,equal,,327,245,347,247,349,314,518,627,540
1,equal,,391,296,439,360,374,564,544,460,670
1,equal,,299,346,214,362,421,259,634,522,589
1,equal,,419,346,368,473,299,351,571,472,577
1,equal,,424,251,321,533,297,383,571,391,675
1,equal,,293,343,346,461,386,403,640,525,545
1,equal,,412,266,310,483,352,342,554,352,579
1,equal,,287,296,344,504,264,335,568,463,415
1,equal,,388,218,347,538,388,397,521,335,515
1,equal,,297,284,371,418,474,380,716,593,529
1,equal,,284,302,214,367,395,437,519,602,306
1,equal,,351,344,364,434,335,528,531,602,537
1,equal,,250,369,265,352,451,382,469,616,608
1,equal,,285,340,311,465,363,410,791,521,473
1,equal,,317,274,288,409,324,265,484,392,558
1,equal,,302,266,212,406,500,457,704,471,597
1,equal,,287,278,313,288,307,461,421,635,460
1,equal,,272,246,292,432,423,390,529,506,469
1,equal,,378,379,215,431,322,294,492,408,479
1,equal,,290,316,294,409,374,407,530,422,529
1,equal,,234,307,321,333,341,414,419,352,482
1,equal,,260,348,401,356,446,432,385,579,507
1,equal,,297,304,383,411,289,328,382,622,603
1,equal,,377,334,350,423,483,288,467,538,508
1,equal,,293,321,348,539,491,391,446,569,457
1,equal,,358,298,330,416,374,490,409,573,502
1,equal,,299,265,334,372,307,344,510,479,562
1,equal,,363,368,198,416,425,304,608,541,439
1,equal,,315,373,312,350,519,284,431,554,619
1,equal,,371,351,389,383,452,499,556,547,515
1,equal,,247,271,322,301,458,395,455,375,520
1,equal,,250,360,289,380,432,349,473,501,404
1,equal,,319,351,332,277,453,377,468,488,591
1,equal,,346,326,302,468,502,471,553,569,544
1,equal,,404,367,342,424,405,569,580,446,595
1,equal,,393,239,361,405,471,460,559,569,673
1,equal,,301,243,383,421,372,460,623,466,618
1,equal,,385,397,357,495,434,468,612,392,595
1,equal,,320,189,291,367,432,318,555,323,564
1,equal,,338,377,278,424,455,363,648,395,451
1,equal,,313,234,313,474,535,325,627,533,630
1,equal,,399,365,352,437,406,377,562,670,516
1,equal,,324,265,369,381,329,381,604,545,666
1,equal,,290,325,303,376,483,407,614,522,642
1,equal,,322,321,321,335,388,338,545,570,399
1,equal,,322,375,386,364,419,459,479,501,560
1,equal,,309,277,279,346,365,385,524,601,439
1,equal,,363,381,270,420,354,416,509,552,386
1,equal,,293,316,314,444,376,339,493,597,382
1,equal,,263,472,346,376,514,460,401,567,643
1,equal,,270,327,280,340,358,469,473,464,559
1,equal,,257,295,159,333,270,309,383,437,452
1,equal,,277,302,323,411,382,516,461,572,446
1,equal,,425,321,330,537,490,421,713,451,358
1,equal,,295,379,293,469,379,332,451,676,458
1,equal,,327,311,362,323,447,462,639,491,495
1,equal,,371,409,268,376,466,361,564,584,518
1,equal,,307,274,268,286,313,410,488,552,557
1,equal,,255,272,409,374,340,430,387,531,564
1,equal,,355,378,303,356,308,422,628,662,499
1,equal,,345,330,343,531,474,453,693,578,530
1,equal,,240,245,310,403,492,487,563,479,514
1,equal,,348,256,216,383,318,399,441,567,440
1,equal,,333,363,258,480,349,388,463,403,426
1,equal,,288,383,296,362,524,372,660,586,655
1,equal,,284,334,423,426,337,416,334,560,496
1,equal,,328,331,495,357,650,533,580,452,559
1,equal,,422,297,398,534,496,486,521,536,499
1,equal,,391,242,209,431,375,421,381,379,652
1,equal,,332,322,298,298,388,460,608,573,396
1,equal,,284,377,194,375,353,408,563,537,471
1,equal,,320,318,242,332,458,418,415,525,415
1,equal,,385,314,287,380,375,316,589,625,490
1,equal,,325,391,315,438,450,508,423,476,533
1,equal,,368,426,294,372,408,535,443,491,452
1,equal,,341,398,291,355,401,326,563,566,392
1,equal,,323,305,386,542,482,432,436,491,472
1,equal,,361,251,328,353,393,482,506,555,592
1,equal,,360,361,305,412,439,369,651,593,632
1,equal,,329,287,271,464,416,329,304,600,523
1,equal,,366,370,377,449,373,305,388,537,565
1,equal,,374,178,423,395,347,469,593,479,570
1,equal,,255,321,412,302,370,386,536,485,524
1,equal,,193,326,298,350,445,407,606,540,401
1,equal,,286,247,326,435,391,414,592,501,550
1,equal,,301,264,273,422,437,321,487,380,564
1,equal,,293,448,300,426,405,341,437,469,580
1,equal,,370,329,314,307,406,375,699,581,510
1,equal,,335,317,369,387,277,433,609,471,594
1,equal,,277,299,271,316,396,267,536,413,417
1,equal,,350,324,380,304,423,422,499,433,689
1,equal,,394,332,298,378,422,301,450,398,490
1,equal,,259,239,322,457,452,483,548,575,570
1,equal,,283,340,170,362,481,413,517,524,511
1,equal,,327,396,248,513,444,427,629,515,461
1,equal,,260,376,290,463,358,261,571,475,561
1,equal,,366,241,301,439,475,351,646,473,491
1,equal,,350,285,256,411,443,474,718,388,637
1,equal,,316,387,306,426,380,344,542,742,594
1,equal,,251,428,307,227,394,455,492,471,568
1,equal,,296,356,321,435,520,479,430,612,470
1,equal,,301,338,245,376,575,585,574,746,542
1,equal,,276,308,336,389,250,380,536,542,468
1,equal,,238,369,193,433,489,369,446,530,456
1,equal,,349,363,335,432,371,460,578,522,485
1,equal,,269,372,346,458,509,556,537,315,633
1,equal,,387,332,282,444,334,323,583,486,579
1,equal,,309,329,319,426,367,322,504,551,444
1,equal,,243,339,344,360,361,420,376,576,577
1,equal,,347,356,418,361,481,296,528,481,374
1,equal,,353,335,257,388,417,500,724,495,499
1,equal,,313,306,304,398,411,418,541,559,474
1,equal,,282,283,232,298,376,445,422,382,531
1,equal,,350,299,295,507,381,444,661,330,611
1,equal,,331,238,243,428,332,354,350,566,456
1,equal,,286,316,332,407,373,385,439,590,604
1,equal,,372,279,323,309,372,408,511,401,465
1,equal,,357,317,291,529,296,376,592,429,455
1,equal,,293,305,297,307,269,457,435,511,691
1,equal,,323,267,292,341,383,264,512,392,552
1,equal,,453,319,379,443,397,384,528,511,491
1,equal,,279,297,352,452,406,486,502,465,365
1,equal,,332,324,382,390,326,434,518,508,687
1,equal,,290,363,368,477,411,534,428,614,605
1,equal,,242,299,423,391,445,418,454,562,423
1,equal,,242,289,389,357,367,487,534,574,590
1,equal,,336,309,318,308,335,475,481,288,514
1,equal,,228,367,330,429,421,420,467,651,454
1,equal,,230,417,318,451,479,339,669,734,517
1,equal,,420,265,313,515,372,380,656,591,533
1,equal,,217,340,359,407,572,485,574,662,552
1,equal,,247,354,368,321,429,386,517,534,556
1,equal,,283,386,237,443,434,448,388,664,440
1,equal,,190,248,337,305,413,367,498,418,449
1,equal,,344,328,352,466,284,481,419,516,448
1,equal,,324,361,298,533,395,424,501,414,475
1,equal,,318,361,346,478,471,422,690,695,561
1,equal,,282,349,374,441,463,341,623,688,481
1,equal,,186,269,396,372,547,263,352,468,712
1,equal,,363,224,350,360,367,391,633,553,720
1,equal,,284,360,391,307,427,472,436,422,558
1,equal,,329,375,315,439,455,286,463,377,492
1,equal,,278,351,286,366,373,307,473,578,576
1,equal,,361,342,204,471,477,338,564,540,511
1,equal,,396,381,418,501,474,488,465,529,554
1,equal,,310,346,248,394,359,547,695,371,545
1,equal,,399,414,320,435,249,338,664,434,517
1,equal,,321,360,357,483,464,501,703,486,604
1,equal,,349,383,328,505,415,456,620,480,588
1,equal,,361,258,266,376,344,459,635,403,513
1,equal,,348,266,399,519,517,404,510,395,709
1,equal,,289,355,371,437,495,378,464,625,596
1,equal,,288,345,243,437,523,412,476,465,465
1,equal,,234,258,350,253,328,427,419,500,478
1,equal,,346,267,286,519,356,546,444,442,581
1,equal,,337,302,320,352,383,403,371,496,632
1,equal,,368,357,375,290,475,387,287,497,674
1,equal,,326,222,339,387,399,495,555,523,374
1,equal,,400,356,342,381,416,374,555,666,472
1,equal,,348,321,298,355,406,519,454,491,603
1,equal,,259,209,290,405,477,448,523,520,479
1,equal,,353,351,392,377,499,591,539,483,614
1,equal,,344,440,345,279,440,368,322,681,621
1,equal,,333,394,382,515,317,283,505,584,536
1,equal,,335,358,235,383,374,462,661,407,414
1,equal,,298,251,339,464,366,386,646,533,508
1,equal,,320,297,271,344,469,482,454,708,627
1,equal,,356,353,254,485,514,339,517,649,561
1,equal,,283,257,297,454,322,444,465,534,492
1,equal,,457,253,244,429,366,324,531,498,406
1,equal,,324,227,282,426,441,423,504,540,544
1,equal,,245,291,357,390,431,429,567,683,582
1,equal,,232,290,322,372,213,393,473,492,592
1,equal,,445,277,263,379,416,442,653,562,524
1,equal,,363,333,299,433,394,440,514,505,499
1,equal,,373,308,298,467,294,272,544,551,585
1,equal,,323,326,349,478,359,404,486,508,489
1,equal,,370,310,306,388,450,374,666,445,623
1,equal,,353,360,240,441,464,393,425,527,558
1,equal,,305,314,313,355,412,477,434,668,515
1,equal,,361,388,281,466,479,454,634,724,494
1,equal,,333,304,381,446,379,456,593,464,523
1,equal,,300,342,234,362,437,434,501,511,467
1,equal,,334,358,321,430,428,463,609,480,508
1,equal,,284,333,393,365,480,433,402,715,600
1,equal,,382,288,361,334,463,504,528,643,496
1,equal,,286,290,286,427,297,390,521,424,616
1,equal,,337,292,272,381,492,308,521,484,396
1,equal,,290,332,293,454,504,458,626,481,496
1,equal,,393,380,315,530,517,275,554,540,513
1,equal,,331,348,348,459,467,547,665,472,531
1,equal,,339,348,260,546,352,377,505,590,537
1,equal,,201,406,204,291,392,312,594,452,424
1,equal,,377,350,207,430,344,444,608,540,520
1,equal,,365,356,372,418,386,404,385,523,527
1,equal,,250,379,321,449,332,454,415,457,614
1,equal,,339,380,309,460,434,444,629,554,438
1,equal,,382,296,381,461,236,505,369,543,501
1,equal,,365,299,238,474,400,353,571,568,557
1,equal,,349,307,333,459,376,357,581,480,518
1,equal,,277,366,305,375,482,388,620,452,627
1,equal,,323,324,351,463,409,480,538,499,463
1,equal,,359,207,311,352,496,316,707,556,531
1,equal,,362,332,348,370,345,363,520,547,601
1,equal,,321,235,377,423,436,529,475,542,541
1,equal,,391,323,271,354,435,416,442,561,504
1,equal,,321,332,363,307,401,496,467,344,607
1,equal,,409,394,391,403,394,485,559,427,537
1,equal,,304,371,358,428,433,404,589,404,500
1,equal,,394,379,286,428,501,375,601,421,505
1,equal,,349,287,316,532,474,421,515,546,735
1,equal,,347,307,327,441,396,369,532,489,680
1,equal,,429,379,360,447,555,382,611,695,568
1,equal,,424,331,292,449,411,486,679,506,698
1,equal,,363,287,390,290,426,399,674,644,482
1,equal,,348,393,353,372,448,445,539,657,513
1,equal,,323,408,296,450,534,326,589,650,374
1,equal,,358,317,300,494,447,436,447,545,486
1,equal,,296,373,285,414,399,349,502,424,462
1,equal,,255,311,350,359,464,373,433,571,508
1,equal,,360,223,263,423,361,377,660,614,493
1,equal,,348,382,334,444,485,464,456,401,587
1,equal,,285,346,197,403,340,283,560,457,495
1,equal,,369,228,353,497,511,440,777,567,452
1,equal,,382,256,338,518,456,488,586,524,536
1,equal,,315,256,365,533,325,357,563,625,543
1,equal,,373,394,304,402,446,351,637,507,335
1,equal,,347,307,349,516,478,587,509,353,475
1,equal,,282,287,329,515,573,358,488,472,466
1,equal,,287,203,418,302,408,432,517,416,551
1,equal,,299,377,304,495,391,230,648,567,454
1,equal,,258,274,395,239,343,420,500,523,545
1,equal,,372,299,358,330,386,431,550,388,661
1,equal,,332,281,315,411,386,376,552,506,499
1,equal,,359,314,271,323,361,354,446,303,635
1,equal,,275,294,313,516,441,357,551,423,583
1,equal,,283,189,389,411,411,399,486,333,633
1,equal,,335,339,275,452,371,432,488,576,509
1,equal,,431,165,375,396,330,515,470,381,578
1,equal,,324,392,262,531,371,434,427,486,392
1,equal,,249,396,350,455,407,503,516,697,665
1,equal,,394,291,375,341,467,461,502,424,511
1,equal,,296,328,356,270,360,340,326,437,618
1,equal,,389,372,293,299,426,403,353,552,567
1,equal,,279,404,291,379,493,411,361,566,618
1,equal,,326,354,316,318,450,469,587,580,787
1,equal,,332,238,358,326,353,398,622,396,350
1,equal,,237,279,332,326,336,400,542,593,567
1,equal,,324,333,305,405,455,468,344,558,509
1,equal,,419,196,326,471,415,408,563,404,621
1,equal,,346,315,360,392,409,399,456,422,487
1,equal,,272,406,374,434,300,544,575,575,611
1,equal,,388,307,378,394,394,429,592,414,591
1,equal,,362,268,322,493,381,483,493,481,413
1,equal,,282,258,377,451,372,367,587,604,613
1,equal,,375,336,358,354,397,389,410,402,550
1,equal,,385,369,305,438,458,445,612,596,558
1,equal,,323,360,347,386,309,400,495,462,653
1,equal,,234,312,400,437,305,409,440,483,581
1,equal,,237,358,249,419,472,425,542,441,449
1,equal,,322,352,294,384,451,385,480,508,683
1,equal,,285,247,361,326,356,409,464,481,394
1,equal,,419,322,295,439,333,436,863,561,531
1,equal,,282,394,344,410,451,335,526,655,493
1,equal,,345,316,351,474,488,305,516,544,577
1,equal,,342,331,328,440,442,380,628,450,734
1,equal,,305,356,213,456,444,381,358,610,539
1,equal,,323,315,314,342,411,445,511,554,609
1,equal,,265,269,294,372,413,435,517,562,362
1,equal,,301,340,298,337,422,389,426,519,508
1,equal,,333,221,268,385,394,334,473,427,546
1,equal,,364,371,397,418,434,482,674,443,527
1,equal,,405,273,361,387,507,572,467,461,692
1,equal,,337,359,315,383,461,441,486,577,586
1,equal,,324,146,330,414,338,361,618,525,547
1,equal,,241,397,390,370,430,475,573,558,616
1,equal,,352,271,262,436,428,373,577,435,426
1,equal,,249,322,378,488,463,439,513,529,482
1,equal,,250,262,252,411,333,383,468,597,619
1,equal,,332,294,328,443,464,314,529,619,559
1,equal,,342,358,267,444,297,371,569,581,480
1,equal,,468,367,335,485,348,397,565,382,532
1,equal,,362,366,357,479,413,450,585,367,471
1,equal,,239,300,297,277,381,340,454,399,537
1,equal,,281,249,479,371,449,491,398,508,430
1,equal,,352,220,375,349,451,440,524,595,597
1,equal,,243,360,377,247,405,383,443,696,496
1,equal,,356,319,259,332,375,461,522,599,573
1,equal,,255,336,369,412,353,386,542,551,405
1,equal,,333,314,284,353,387,351,399,504,438
1,equal,,303,266,431,428,391,343,449,290,539
1,equal,,247,361,281,453,371,465,534,581,547
1,equal,,291,339,336,389,565,449,515,634,479
1,equal,,308,355,295,412,442,513,670,619,592
1,equal,,340,379,373,445,371,510,566,351,446
1,equal,,297,317,201,320,477,280,550,562,460
1,equal,,301,347,217,326,305,478,576,470,524
1,equal,,320,212,367,389,419,352,606,748,380
1,equal,,297,205,266,339,374,370,325,516,600
1,equal,,378,278,350,430,479,411,408,372,390
1,equal,,343,396,317,436,340,372,612,438,699
1,equal,,293,343,275,469,480,393,542,484,396
1,equal,,302,298,254,342,389,604,452,428,697
1,equal,,259,290,337,376,343,503,507,608,572
1,equal,,388,358,333,362,382,368,510,609,562
1,equal,,352,239,331,552,445,428,704,309,429
1,equal,,308,398,333,470,560,503,586,564,551
1,equal,,353,372,329,417,438,418,383,646,485
1,equal,,342,341,355,499,300,371,443,547,524
1,equal,,338,273,424,444,406,444,481,460,578
1,equal,,294,326,325,458,556,424,554,614,440
1,equal,,285,242,332,525,425,452,587,509,562
1,equal,,343,263,322,468,434,425,547,462,558
1,equal,,298,343,302,399,484,385,483,670,516
1,equal,,339,300,263,462,449,339,535,491,470
1,equal,,379,293,286,602,365,407,631,444,497
1,equal,,318,262,430,404,337,450,459,569,486
1,equal,,253,323,342,377,369,442,538,355,452
1,equal,,355,312,334,556,503,463,722,576,502
1,equal,,331,286,379,458,476,547,344,638,646
1,equal,,323,316,409,418,373,346,698,491,485
1,equal,,319,317,307,362,393,311,450,368,441
1,equal,,242,327,290,421,385,368,361,427,619
1,equal,,331,245,310,451,489,303,567,546,472
1,equal,,343,285,231,430,393,426,582,730,411
1,equal,,334,303,240,589,322,419,653,594,502
1,equal,,287,368,360,492,440,514,385,454,420
1,equal,,210,208,343,333,519,450,443,522,601
1,equal,,390,273,302,331,445,438,576,456,511
1,equal,,329,279,302,440,354,427,420,555,323
1,equal,,381,372,281,402,426,262,432,567,367
1,equal,,268,280,288,287,405,403,570,406,615
1,equal,,301,345,307,300,484,395,477,398,638
1,equal,,283,374,284,373,300,455,412,543,623
1,equal,,380,379,290,388,471,351,530,588,507
1,equal,,334,288,248,405,470,597,628,487,458
1,equal,,358,327,309,359,343,469,651,518,521
1,equal,,240,382,351,252,312,434,488,547,454
1,equal,,292,308,379,432,310,345,473,516,482
1,equal,,344,404,389,482,371,379,461,458,469
1,equal,,383,303,340,568,475,417,549,569,430
1,equal,,367,428,273,465,424,474,526,610,608
1,equal,,274,335,322,342,505,485,376,522,525
1,equal,,370,285,294,449,471,356,388,612,427
1,equal,,348,228,266,337,257,361,466,395,553
1,equal,,413,344,275,473,401,319,453,608,485
1,equal,,323,340,290,430,390,326,487,517,532
1,equal,,337,229,365,413,478,296,513,559,526
1,equal,,308,250,269,388,472,365,593,463,295
1,equal,,381,389,299,393,431,406,557,629,585
1,equal,,382,321,337,520,461,326,500,420,626
1,equal,,308,276,201,492,331,365,541,573,407
1,equal,,377,275,257,347,311,308,590,623,513
1,equal,,275,388,350,233,370,454,515,632,483
1,equal,,415,356,310,420,500,335,494,556,541
1,equal,,317,358,290,393,480,320,456,528,454
1,equal,,417,292,217,500,414,526,625,563,679
1,equal,,269,290,313,460,428,383,680,583,364
1,equal,,389,336,193,459,497,243,632,464,547
1,equal,,370,311,317,337,399,404,562,473,729
1,equal,,285,313,298,347,444,386,448,388,504
1,equal,,306,283,316,386,331,326,594,567,460
1,equal,,306,357,299,432,294,458,468,600,452
1,equal,,254,280,274,334,357,380,465,519,375
1,equal,,188,298,369,399,383,551,427,350,636
1,equal,,281,317,320,476,388,498,475,485,459
1,equal,,281,346,413,389,435,336,632,521,623
1,equal,,318,296,348,338,468,348,500,353,573
1,equal,,370,180,301,384,372,493,446,477,462
1,equal,,409,411,244,454,329,389,527,565,600
1,equal,,351,353,399,505,403,470,561,638,588
1,equal,,350,334,314,543,378,569,481,556,602
1,equal,,319,339,307,435,406,340,601,499,476
1,equal,,326,348,280,378,438,438,537,647,462
1,equal,,343,310,360,396,175,308,407,350,466
1,equal,,342,295,379,413,372,477,592,537,634
1,equal,,252,281,267,390,395,471,442,421,521
1,equal,,289,314,359,323,293,476,444,531,566
1,equal,,306,299,304,204,467,397,340,452,437
1,equal,,375,312,341,528,427,396,633,394,480
1,equal,,325,281,256,466,395,427,532,494,626
1,equal,,305,188,290,450,486,283,492,533,466
1,equal,,364,275,318,440,379,426,537,567,526
1,equal,,311,332,254,459,349,456,570,547,490
1,equal,,234,358,378,285,323,459,384,460,583
1,equal,,285,293,391,451,361,345,509,507,493
1,equal,,301,277,416,387,402,358,554,511,507
1,equal,,400,198,285,441,376,421,522,488,444
1,equal,,304,286,352,454,392,424,634,535,481
1,equal,,286,309,371,391,384,463,639,777,600
1,equal,,323,339,347,311,475,403,531,588,568
1,equal,,262,317,350,408,394,277,598,479,435
1,equal,,434,294,277,377,473,387,394,627,394
1,equal,,357,353,311,465,538,450,546,548,500
1,equal,,303,288,321,434,358,375,458,692,462
1,equal,,343,305,356,389,394,521,440,593,672
1,equal,,354,264,322,472,389,453,582,455,589
1,equal,,320,305,397,370,450,502,504,656,704
1,equal,,379,290,324,414,405,346,494,530,566
1,equal,,323,232,313,440,503,381,332,514,606
1,equal,,399,373,322,404,486,500,413,486,488
1,equal,,346,291,298,431,460,338,556,445,546
1,equal,,325,312,221,418,421,361,494,362,512
1,equal,,231,330,335,282,420,313,473,578,532
1,equal,,330,314,333,408,507,346,495,358,565
1,equal,,244,323,317,330,370,281,634,470,385
1,equal,,230,342,304,244,465,452,573,558,635
1,equal,,331,367,301,469,530,386,596,641,511
1,equal,,276,262,286,301,319,316,458,401,650
1,equal,,264,386,375,334,347,440,449,408,509
1,equal,,335,391,212,470,441,395,515,621,509
